{
	"format_version" : "1.8.0",
	"animations" : {
		"animation.dynamite.spin": {
			"loop": true,
			"bones":{
				"body":{
					"rotation":{
					"0.0": [0,0,0],
					"2.0": [0,360,0]
					},
					"position":{
					"0.0": [0,2,0],
					"2.0": [0,2,0]
					}
	}
}
		},
				"animation.rogueknife.spin": {
			"loop": true,
			"bones":{
				"body":{
					"rotation":{
					"0.0": [0,0,0],
					"0.5": [360,0,0]
					}
	}
}
		},
						"animation.rogueknife.move": {
			"loop": true,
			"bones":{
				"body":{
					"rotation": [ 0, "-query.target_y_rotation", 0.0 ]
	}
}
		}
	}
}
