{
	"format_version": "1.8.0",
	"animations": {
		"animation.kit.bigitem": {
			"animation_length": 0.2,
			"bones": {
				"rightItem": {
					"scale": 100
				}
			}
		},
		"animation.kit.flat_stanley": {
			"animation_length": 0.2,
			"bones": {
				"root": {
					"scale": [1, 1, 1]
				},
				"head": {
					"scale": [1, 2000, 1]
				}
			}
		},
		"animation.kit.invis": {
			"animation_length": 99,
			"bones": {
				"root": {
					"position": {
						"0.0": [0, -1000, 0]
					}
				},
				"healthbar": {
					"position": {
						"0.0": [0, -1000, 0]
					}
				}
			}
		},
		"animation.kit.emerge": {
			"loop": true
		},
		"animation.kit.mekapunch": {
			"animation_length": 0.1,
			"bones": {
				"root": {
					"rotation": {
						"0.0": [40, 0, 0],
						"0.2": [40, 0, 0]
					},
					"position": {
						"0.0": [0, -6, 0],
						"0.2": [0, -6, 0]
					}
				},
				"rightArm": {
					"rotation": {
						"0.0": [18.58597, -7.52076, 21.26765],
						"0.2": [18.58597, -7.52076, 21.26765]
					}
				},
				"leftArm": {
					"rotation": {
						"0.0": [-130, 0, 0],
						"0.2": [-130, 0, 0]
					}
				},
				"rightLeg": {
					"rotation": {
						"0.0": [10, 0, 0],
						"0.2": [10, 0, 0]
					}
				},
				"leftLeg": {
					"rotation": {
						"0.0": [10, 0, 0],
						"0.2": [10, 0, 0]
					}
				}
			}
		},
		"animation.kit.goliath_attack": {
			"animation_length": 1.2,
			"bones": {
				"body": {
					"rotation": {
						"0.0": {
							"post": [0, 0, 0],
							"lerp_mode": "catmullrom"
						},
						"0.8": {
							"post": [-18.94, 0, 0],
							"lerp_mode": "catmullrom"
						},
						"0.9": {
							"post": [90, 0, 0],
							"lerp_mode": "catmullrom"
						},
						"1.2": {
							"post": [90, 0, 0],
							"lerp_mode": "catmullrom"
						}
					},
					"position": {
						"0.0": {
							"post": [0, 0, 0],
							"lerp_mode": "catmullrom"
						},
						"0.8": {
							"post": [0, -0.73, 3.41],
							"lerp_mode": "catmullrom"
						},
						"0.9": {
							"post": [0, -11, -11],
							"lerp_mode": "catmullrom"
						},
						"1.2": {
							"post": [0, -11, -11],
							"lerp_mode": "catmullrom"
						}
					}
				},
				"rightArm": {
					"rotation": {
						"0.0": {
							"post": [0, 0, 0],
							"lerp_mode": "catmullrom"
						},
						"0.4": {
							"post": [-84.75867, 17.43127, 1.5741],
							"lerp_mode": "catmullrom"
						},
						"0.9": {
							"post": [-195.99507, 24.08291, -34.09797],
							"lerp_mode": "catmullrom"
						},
						"1.0": {
							"post": [-116.13088, -4.44901, 8.04756],
							"lerp_mode": "catmullrom"
						},
						"1.2": {
							"post": [0, 0, 0],
							"lerp_mode": "catmullrom"
						}
					}
				},
				"leftArm": {
					"rotation": {
						"0.0": {
							"post": [0, 0, 0],
							"lerp_mode": "catmullrom"
						},
						"0.4": {
							"post": [-76.25462, -24.3683, -5.7632],
							"lerp_mode": "catmullrom"
						},
						"0.9": {
							"post": [-226.44272, -8.73269, 23.45115],
							"lerp_mode": "catmullrom"
						},
						"1.0": {
							"post": [-103.88578, 0.19282, -0.49188],
							"lerp_mode": "catmullrom"
						},
						"1.2": {
							"post": [0, 0, 0],
							"lerp_mode": "catmullrom"
						}
					}
				}
			}
		},
		"animation.kit.bound": {
			"animation_length": 0.5,
			"bones": {
				"body": {
					"rotation": {
						"0.0": [-18.94, 0, 0],
						"0.0833": [-18.94, 0, 0],
						"0.1667": {
							"pre": [90, 0, 0],
							"post": [90, 0, 0],
							"lerp_mode": "catmullrom"
						},
						"0.375": {
							"post": [90, 0, 0],
							"lerp_mode": "catmullrom"
						},
						"0.5": {
							"post": [0, 0, 0],
							"lerp_mode": "catmullrom"
						}
					},
					"position": {
						"0.0": [0, -0.73, 3.41],
						"0.0833": [0, -0.73, 3.41],
						"0.1667": {
							"pre": [0, -11, -11],
							"post": [0, -11, -11],
							"lerp_mode": "catmullrom"
						},
						"0.375": {
							"post": [0, -11, -11],
							"lerp_mode": "catmullrom"
						},
						"0.5": {
							"post": [0, 0, 0],
							"lerp_mode": "catmullrom"
						}
					}
				},
				"leftArm": {
					"rotation": {
						"0.1667": {
							"pre": [-226.44272, -8.73269, 23.45115],
							"post": [-226.44272, -8.73269, 23.45115],
							"lerp_mode": "catmullrom"
						},
						"0.2917": {
							"post": [-103.88578, 0.19282, -0.49188],
							"lerp_mode": "catmullrom"
						},
						"0.5": {
							"post": [0, 0, 0],
							"lerp_mode": "catmullrom"
						}
					}
				},
				"rightArm": {
					"rotation": {
						"0.1667": {
							"pre": [-195.99507, 24.08291, -34.09797],
							"post": [-195.99507, 24.08291, -34.09797],
							"lerp_mode": "catmullrom"
						},
						"0.2917": {
							"post": [-116.13088, -4.44901, 8.04756],
							"lerp_mode": "catmullrom"
						},
						"0.5": {
							"post": [0, 0, 0],
							"lerp_mode": "catmullrom"
						}
					}
				}
			}
		},
		"animation.kit.huntress_bow_hold": {
			"loop": true,
			"bones": {
				"leftarm": {
					"rotation": [
						"query.is_swimming ? 0.0 : -93.0 + query.target_x_rotation - query.is_sneaking * 27.0 -this",
						"query.is_swimming ? 0.0 : 42.0 + math.clamp(query.target_y_rotation, -45.0, 5.0) -this",
						"query.is_sneaking * -15.0"
					]
				},
				"rightarm": {
					"rotation": [
						"query.is_swimming ? 0.0 : -93.0 + query.target_x_rotation - query.is_sneaking * 27.0 -this",
						"query.is_swimming ? 0.0 : math.clamp(query.target_y_rotation, -60.0, 45.0) -this",
						0
					]
				}
			}
		},
		"animation.kit.paladin_summon": {
			"animation_length": 1.5,
			"bones": {
				"head": {
					"rotation": {
						"0.0": {
							"post": [-47.5, 0, 0],
							"lerp_mode": "catmullrom"
						},
						"1.3333": {
							"post": [-47.5, 0, 0],
							"lerp_mode": "catmullrom"
						},
						"1.5": {
							"post": [0, 0, 0],
							"lerp_mode": "catmullrom"
						}
					}
				},
				"leftArm": {
					"rotation": {
						"0.0": {
							"post": [-122.30746, 23.65866, -25.93038],
							"lerp_mode": "catmullrom"
						},
						"1.3333": {
							"post": [-132.30746, 23.65866, -25.93038],
							"lerp_mode": "catmullrom"
						},
						"1.5": {
							"post": [0, 0, 0],
							"lerp_mode": "catmullrom"
						}
					}
				},
				"rightArm": {
					"rotation": {
						"0.0": {
							"post": [-143.10757, -22.79919, 27.30492],
							"lerp_mode": "catmullrom"
						},
						"1.3333": {
							"post": [-153.10757, -22.79919, 27.30492],
							"lerp_mode": "catmullrom"
						},
						"1.5": {
							"post": [0, 0, 0],
							"lerp_mode": "catmullrom"
						}
					}
				},
				"paladin_sword": {
					"rotation": {
						"0.0": {
							"post": [45.02326, 0, -55.26871],
							"lerp_mode": "catmullrom"
						},
						"1.3333": {
							"post": [45.02326, 0, -55.26871],
							"lerp_mode": "catmullrom"
						},
						"1.5": {
							"post": [0, 0, 0],
							"lerp_mode": "catmullrom"
						}
					},
					"position": {
						"0.0": {
							"post": [0, -2, 0],
							"lerp_mode": "catmullrom"
						},
						"1.3333": {
							"post": [0, -2, 0],
							"lerp_mode": "catmullrom"
						},
						"1.5": {
							"post": [0, 0, 0],
							"lerp_mode": "catmullrom"
						}
					}
				}
			}
		}
	}
}