{
	"format_version": "1.8.0",
	"animations": {
		"animation.paladin_sword.hold_third_person": {
			"loop": true,
			"bones": {
				"paladin_sword": {
					"rotation": [90, 0, 92.5],
					"position": [0, 23, -2],
					"scale": 0.85
				}
			}
		},
		"animation.paladin_sword.hold_first_person": {
			"loop": true,
			"bones": {
				"paladin_sword": {
					"rotation": [-40.87614, -11.09608, -147.65732],
					"position": [4, 29, -7],
					"scale": 0.9
				}
			}
		},
		"animation.paladin_sword.swing": {
			"animation_length": 0.25,
			"bones": {
				"paladin_sword": {
					"rotation": {
						"0.0": {
							"post": [0, 0, 0],
							"lerp_mode": "catmullrom"
						},
						"0.0833": {
							"post": [0, 0, -70],
							"lerp_mode": "catmullrom"
						},
						"0.1667": {
							"post": [0, 0, -70],
							"lerp_mode": "catmullrom"
						},
						"0.25": {
							"post": [0, 0, 0],
							"lerp_mode": "catmullrom"
						}
					}
				}
			}
		}
	}
}