{
	"format_version": "1.16.0",
	"animations": {
		"animation.kit.payload.move": {
			"loop": true,
			"bones": {
				"smallwheel": {
					"rotation": ["query.anim_time * 150", 0, 0]
				},
				"backwheel": {
					"rotation": ["query.anim_time* 100", 0, 0]
				}
			}
		},
		"animation.kit.payload.runtime": {
			"loop": true,
			"animation_length": 0.5,
			"bones": {
				"small_wheel_right": {
					"scale": {
						"0.0": [0.8, 0.8, 0.8],
						"0.25": [0.8, 0.8, 0.8]
					}
				},
				"big_wheel_right": {
					"scale": {
						"0.0": [1.2, 1.2, 1.2],
						"0.25": [1.2, 1.2, 1.2]
					}
				},
				"big_wheel_left": {
					"scale": {
						"0.0": [1.2, 1.2, 1.2],
						"0.25": [1.2, 1.2, 1.2]
					}
				},
				"small_wheel_left": {
					"scale": {
						"0.0": [0.8, 0.8, 0.8],
						"0.25": [0.8, 0.8, 0.8]
					}
				}
			},
			"particle_effects": {
				"0.0": {
					"effect": "fuse_flame",
					"locator": "locator"
				}
			}
		},
		"animation.kit.payload.up": {
			"loop": true,
			"bones": {
				"main": {
					"rotation": [-45, 0, 0]
				}
			}
		},
		"animation.kit.payload.down": {
			"loop": true,
			"bones": {
				"main": {
					"rotation": [45, 0, 0]
				}
			}
		}
	}
}