{
	"format_version": "1.8.0",
	"animations": {
		"animation.shotgun.hold_first_person": {
			"loop": true,
			"bones": {
				"gun": {
					"rotation": [74.33158, 56.1582, -57.74689],
					"position": [-5, 31, -15],
					"scale": 0.7
				}
			}
		},
		"animation.shotgun.fire": {
			"animation_length": 0.5,
			"bones": {
				"gun": {
					"rotation": {
						"0.0833": {
							"pre": [0, 0, 0],
							"post": [0, 0, 0],
							"lerp_mode": "catmullrom"
						},
						"0.125": {
							"post": [-5, 0, 0],
							"lerp_mode": "catmullrom"
						},
						"0.5": {
							"post": [0, 0, 0],
							"lerp_mode": "catmullrom"
						}
					},
					"position": {
						"0.0": {
							"post": [0, 0, 0],
							"lerp_mode": "catmullrom"
						},
						"0.0417": {
							"post": [0, 0, 3],
							"lerp_mode": "catmullrom"
						},
						"0.5": {
							"post": [0, 0, 0],
							"lerp_mode": "catmullrom"
						}
					}
				}
			}
		},
		"animation.shotgun.hold_third_person": {
			"loop": true,
			"bones": {
				"gun": {
					"rotation": [90, 0, 0],
					"position": [0, 25, -13],
					"scale": 0.7
				}
			}
		}
	}
}