{
	"format_version": "1.8.0",
	"animations": {
		"animation.turret.levelup": {
			"animation_length": 0.625,
			"bones": {
				"head": {
					"rotation": {
						"0.0": {
							"post": [0, 0, 0],
							"lerp_mode": "catmullrom"
						}
					},
					"position": {
						"0.0": {
							"post": [0, 0, 0],
							"lerp_mode": "catmullrom"
						}
					},
					"scale": {
						"0.0": {
							"post": [1, 1, 1],
							"lerp_mode": "catmullrom"
						},
						"0.5": {
							"post": [1.4, 1, 1],
							"lerp_mode": "catmullrom"
						},
						"0.625": {
							"post": [1.4, 1, 1],
							"lerp_mode": "catmullrom"
						}
					}
				},
				"barrel1": {
					"rotation": {
						"0.0": {
							"post": [0, 0, 0],
							"lerp_mode": "catmullrom"
						},
						"0.5": {
							"post": [0, 0, 180],
							"lerp_mode": "catmullrom"
						},
						"0.625": {
							"post": [0, 0, 180],
							"lerp_mode": "catmullrom"
						}
					},
					"position": {
						"0.0": {
							"post": [0, 0, 0],
							"lerp_mode": "catmullrom"
						},
						"0.1667": {
							"post": [0, 0, 0],
							"lerp_mode": "catmullrom"
						},
						"0.5": {
							"post": [-2, 0, -1],
							"lerp_mode": "catmullrom"
						},
						"0.625": {
							"post": [-2, 0, -1],
							"lerp_mode": "catmullrom"
						}
					},
					"scale": {
						"0.0": {
							"post": [1, 1, 1],
							"lerp_mode": "catmullrom"
						},
						"0.5": {
							"post": [0.7, 1, 1],
							"lerp_mode": "catmullrom"
						},
						"0.625": {
							"post": [0.7, 1, 1],
							"lerp_mode": "catmullrom"
						}
					}
				},
				"barrel2": {
					"rotation": {
						"0.0": {
							"post": [0, 0, 0],
							"lerp_mode": "catmullrom"
						},
						"0.5": {
							"post": [0, 0, 180],
							"lerp_mode": "catmullrom"
						},
						"0.625": {
							"post": [0, 0, 180],
							"lerp_mode": "catmullrom"
						}
					},
					"position": {
						"0.0": {
							"post": [0, 0, 0],
							"lerp_mode": "catmullrom"
						},
						"0.1667": {
							"post": [0, 0, 0],
							"lerp_mode": "catmullrom"
						},
						"0.5": {
							"post": [2, 0, -1],
							"lerp_mode": "catmullrom"
						},
						"0.625": {
							"post": [2, 0, -1],
							"lerp_mode": "catmullrom"
						}
					},
					"scale": {
						"0.0": {
							"post": [1, 1, 1],
							"lerp_mode": "catmullrom"
						},
						"0.5": {
							"post": [0.7, 1, 1],
							"lerp_mode": "catmullrom"
						},
						"0.625": {
							"post": [0.7, 1, 1],
							"lerp_mode": "catmullrom"
						}
					}
				},
				"whole": {
					"scale": {
						"0.0": {
							"post": [1, 1, 1],
							"lerp_mode": "catmullrom"
						},
						"0.0417": {
							"post": [1, 0.8815, 1],
							"lerp_mode": "catmullrom"
						},
						"0.1667": {
							"post": [1, 0.8815, 1],
							"lerp_mode": "catmullrom"
						},
						"0.2917": {
							"post": [1, 1.6, 1],
							"lerp_mode": "catmullrom"
						},
						"0.4167": {
							"post": [1, 0.8, 1],
							"lerp_mode": "catmullrom"
						},
						"0.5": {
							"post": [1, 1, 1],
							"lerp_mode": "catmullrom"
						},
						"0.625": {
							"post": [1, 1, 1],
							"lerp_mode": "catmullrom"
						}
					}
				}
			}
		},
		"animation.turret.level2": {
			"loop": true,
			"animation_length": 0.5,
			"bones": {
				"head": {
					"scale": {
						"0.0": {
							"post": [1.4, 1, 1],
							"lerp_mode": "catmullrom"
						}
					}
				},
				"barrel1": {
					"rotation": {
						"0.0": {
							"post": [0, 0, 180],
							"lerp_mode": "catmullrom"
						}
					},
					"position": {
						"0.0": {
							"post": [-2, 0, -1],
							"lerp_mode": "catmullrom"
						}
					},
					"scale": {
						"0.0": {
							"post": [0.7, 1, 1],
							"lerp_mode": "catmullrom"
						}
					}
				},
				"barrel2": {
					"rotation": {
						"0.0": {
							"post": [0, 0, 180],
							"lerp_mode": "catmullrom"
						}
					},
					"position": {
						"0.0": {
							"post": [2, 0, -1],
							"lerp_mode": "catmullrom"
						}
					},
					"scale": {
						"0.0": {
							"post": [0.7, 1, 1],
							"lerp_mode": "catmullrom"
						}
					}
				},
				"whole": {
					"scale": {
						"0.0": {
							"post": [1, 1, 1],
							"lerp_mode": "catmullrom"
						}
					}
				}
			}
		},
		"animation.turret.building": {
			"animation_length": 3,
			"bones": {
				"head": {
					"rotation": {
						"0.5": [-90, 0, 0],
						"1.6": [-90, 0, 0],
						"2.0": [0, 0, 0],
						"3.0": [0, 0, 0]
					},
					"position": {
						"1.0": [0, -2, 2],
						"1.75": [0, 0, 2],
						"2.5": [0, 0, 0]
					},
					"scale": {
						"0.0": [0, 0, 0],
						"0.75": [0, 0, 0],
						"1.0": [1, 1, 1],
						"2.0": [1, 1, 1]
					}
				},
				"barrel1": {
					"rotation": [0, 0, 0],
					"position": [0, 0, 0],
					"scale": {
						"0.0": [0, 0, 0],
						"2.75": [0, 0, 0],
						"3.0": [1, 1, 1]
					}
				},
				"base": {
					"rotation": [0, 0, 0],
					"position": [0, 0, 0],
					"scale": {
						"0.0": [1, 0.3, 1],
						"0.5": [1, 0.3, 1],
						"0.75": [1, 1, 1],
						"2.0": [1, 1, 1]
					}
				}
			}
		}
	}
}