{
	"format_version": "1.16.0",
	"animations": {
		"animation.warlockshot.shpin": {
			"loop": true,
			"animation_length": 1,
			"bones": {
				"innerglass": {
					"rotation": {
						"0.0": [0, 0, 0],
						"1.0": [-360, -360, 0]
					},
					"scale": 1
				},
				"outerglass": {
					"rotation": {
						"0.0": [0, 0, 0],
						"1.0": [-360, -360, 0]
					},
					"scale": 1
				},
				"crystal": {
					"rotation": {
						"0.0": [0, 0, 0],
						"1.0": [360, 360, 0]
					},
					"scale": 1
				}
			}
		}
	}
}