{
	"format_version" : "1.16.0",
	"animation_controllers" : {
		"controller.animation.kit.huntress_bow" : {
			"initial_state" : "default",
			"states" : {
				"default" : {
					"transitions" : [
						{
							"hold" : "q.is_item_name_any('slot.weapon.mainhand',0,'kit:huntress_bow') && !v.is_first_person"
						}
					]
				},
				"hold" : {
					"animations" : [ "huntress_bow_hold" ],
					"transitions" : [
						{
							"default" : "!q.is_item_name_any('slot.weapon.mainhand',0,'kit:huntress_bow') || v.is_first_person"
						}
					]
				}
			}
		},
		"controller.animation.kit.shotgun" : {
			"initial_state" : "default",
			"states" : {
				"default" : {
					"transitions" : [
						{
							"hold" : "q.is_item_name_any('slot.weapon.mainhand',0,'kit:shotgun') && !v.is_first_person"
						}
					]
				},
				"hold" : {
					"animations" : [ "huntress_bow_hold" ],
					"transitions" : [
						{
							"default" : "!q.is_item_name_any('slot.weapon.mainhand',0,'kit:shotgun') || v.is_first_person"
						}
					]
				}
			}
		}
		
	}
}
