{
	"format_version" : "1.10.0",
	"animation_controllers" : {
		"controller.animation.paladin_sword" : {
			"initial_state" : "default",
			"states" : {
				"default" : {
					"transitions" : [
						{
							"swing": "(variable.attack_time > 0.0) && c.is_first_person"
						}
						],
						"blend_transition": 0
				},
				"swing" : {
					"animations" : [ "swing" ],
					"transitions" : [
						{
							"default" : "query.all_animations_finished || !c.is_first_person"
						}
						],
						"blend_transition": 0
				}
			}
		}
		
	}
}
