{
	"format_version" : "1.18.20",
	"animation_controllers" : {
		"controller.animation.payload" : {
			"initial_state" : "default",
			"states" : {
				"default" : {
					"animations" : [ "root" ],
					"transitions" : [
						{
							"moving_up" : "query.has_property('kit:payload_moving_up') ? query.property('kit:payload_moving_up') : 0"
						},
						{
							"moving_down" : "query.has_property('kit:payload_moving_down') ? query.property('kit:payload_moving_down') : 0"
						}
						],
						"blend_transition": 0.2
				},
				"moving_up" : {
					"animations" : [ "moving_up", "root" ],
					"transitions" : [
						{
							"default" : "query.has_property('kit:payload_moving_up') ? !query.property('kit:payload_moving_up') : 0"
						},
						{
							"moving_down" : "query.has_property('kit:payload_moving_down') ? query.property('kit:payload_moving_down') : 0"
						}
						],
						"blend_transition": 0.2
				},
				"moving_down" : {
					"animations" : [ "moving_down", "root" ],
					"transitions" : [
						{
							"default" : "query.has_property('kit:payload_moving_down') ? !query.property('kit:payload_moving_down') : 0"
						},
						{
							"moving_up" : "query.has_property('kit:payload_moving_up') ? query.property('kit:payload_moving_up') : 0"
						}
						],
						"blend_transition": 0.2
				}
			}
		}
		
	}
}
