{
	"format_version" : "1.18.20",
	"animation_controllers" : {
		"controller.animation.shotgun" : {
			"initial_state" : "default",
			"states" : {
				"default" : {
					"transitions" : [
						{
							"shooting": "query.property('kit:is_shooting_shotgun')"
						}
						],
						"blend_transition": 0
				},
				"shooting" : {
					"animations" : [ "fire" ],
					"transitions" : [
						{
							"default" : "query.all_animations_finished"
						}
						],
						"blend_transition": 0
				}
			}
		}
		
	}
}
