{
  "format_version": "1.10",
  "render_controllers": {
    "controller.render.custom_bow": {
      "arrays": {
        "textures": {
          "array.bow_texture_frames": [
            "texture.default",
            "texture.bow_pulling_0",
            "texture.bow_pulling_1",
            "texture.bow_pulling_2"
          ]
        },
        "geometries": {
          "array.bow_geo_frames": [
            "geometry.default",
            "geometry.bow_pulling_0",
            "geometry.bow_pulling_1",
            "geometry.bow_pulling_2"
          ]
        }
      },
      "geometry": "array.bow_geo_frames[q.main_hand_item_use_duration > 0 ? math.clamp(math.floor(variable.charge_amount * 1.5),0,3) : 0]",
      "materials": [ { "*": "variable.is_enchanted ? material.enchanted : material.default" } ],
      "textures": [ "array.bow_texture_frames[q.main_hand_item_use_duration > 0 ? math.clamp(math.floor(variable.charge_amount * 1.5),0,3) : 0]", "texture.enchanted" ]
    }
  }
}
