{
	"format_version": "1.12.0",
	"minecraft:geometry": [
		{
			"description": {
				"identifier": "geometry.paladin_hammer",
				"texture_width": 64,
				"texture_height": 64,
				"visible_bounds_width": 2,
				"visible_bounds_height": 3.5,
				"visible_bounds_offset": [0, 1.25, 0]
			},
			"bones": [
				{
					"name": "pole",
					"pivot": [0, 24, 0],
					"cubes": [
						{"origin": [-0.5, -3, -0.5], "size": [1, 31, 1], "inflate": 0.01, "uv": [0, 25]},
						{"origin": [-3.5, 22, -2.5], "size": [8, 6, 5], "inflate": 0.01, "uv": [17, 20]},
						{"origin": [-4.5, 24, -1.5], "size": [13, 5, 3], "inflate": 0.01, "uv": [0, 0]},
						{"origin": [-7.5, 20, -3.5], "size": [4, 10, 7], "inflate": 0.01, "uv": [0, 8]},
						{"origin": [-1.5, 16, -1.5], "size": [3, 6, 3], "inflate": 0.01, "uv": [13, 31]},
						{"origin": [-1.5, -4, -1.5], "size": [3, 6, 3], "inflate": 0.01, "uv": [22, 8]}
					]
				}
			]
		}
	]
}