{
  "format_version": "1.8.0",

  "geometry.player.armor_top:geometry.player.armor.base": {
    "bones": [
      { "name": "head", "inflate": 1.0 },
      { "name": "hat", "inflate": 1.5, "neverRender": false },
      { "name": "body", "inflate": 1.01 },
      { "name": "rightArm", "inflate": 1.0 },
      { "name": "leftArm", "inflate": 1.0 }
    ]
  },
  "geometry.player.armor_lower:geometry.player.armor.base": {
    "bones": [
	  { "name": "head", "inflate": 0.5 },
      { "name": "body", "inflate": 0.5 },
      { "name": "rightArm", "inflate": 0.5 },
      { "name": "leftArm", "inflate": 0.5 },
      { "name": "rightLeg", "inflate": 0.49 },
      { "name": "leftLeg", "inflate": 0.49 }
    ]
  }
  }
