{
	"format_version": "1.8.0",
	"animations": {
		"animation.kit.bigitem":{
			"animation_length": 0.2,
			"bones":{
				"rightItem":{
				"scale": 100
				}
			}
		},
		"animation.kit.flat_stanley":{
			"animation_length": 0.2,
			"bones":{
				"root":{
				"scale": [1, 1, 1 ]
				},
				"head":{
				"scale": [1, 2000, 1 ]
				}
			}
		},
		"animation.humanoid.kick": {
			"animation_length": 0.16667,
			"bones": {
				"root": {
					"rotation": {
						"0.0": [-61.65923, 29.4987, -42.39409],
						"0.1667": [-61.65923, 29.4987, -42.39409]
					}
				},
				"rightArm": {
					"rotation": {
						"0.0": [0, 0, 132.5],
						"0.1667": [0, 0, 132.5]
					}
				},
				"leftArm": {
					"rotation": {
						"0.0": [0, 0, -17.5],
						"0.1667": [0, 0, -17.5]
					}
				},
				"rightLeg": {
					"rotation": {
						"0.0": [90, 0, 0],
						"0.1667": [90, 0, 0]
					}
				},
				"leftLeg": {
					"rotation": {
						"0.0": [-32.48072, -0.95645, -29.80991],
						"0.1667": [-32.48072, -0.95645, -29.80991]
					}
				}
			}
		},
				"animation.kit.invis":{
					"animation_length": 3,
			"bones":{
				"root":{
					"position": {
					"0.0": [ 0, -1000, 0]
				}
			}
			}
		},
		"animation.kit.mekapunch": {
			"animation_length": 0.1,
			"bones": {
				"root": {
					"rotation": {
						"0.0": [40, 0, 0],
						"0.2": [40, 0, 0]
					},
					"position": {
						"0.0": [0, -6, 0],
						"0.2": [0, -6, 0]
					}
				},
				"rightArm": {
					"rotation": {
						"0.0": [18.58597, -7.52076, 21.26765],
						"0.2": [18.58597, -7.52076, 21.26765]
					}
				},
				"leftArm": {
					"rotation": {
						"0.0": [-130, 0, 0],
						"0.2": [-130, 0, 0]
					}
				},
				"rightLeg": {
					"rotation": {
						"0.0": [10, 0, 0],
						"0.2": [10, 0, 0]
					}
				},
				"leftLeg": {
					"rotation": {
						"0.0": [10, 0, 0],
						"0.2": [10, 0, 0]
					}
				}
			}
		}
	}
}