{
	"format_version": "1.8.0",
	"animations": {
		"animation.kit.paladinslam": {
			"animation_length": 1.5833,
			"bones": {
				"body": {
					"rotation": {
						"0.0": {
							"post": [0, 0, 0],
							"lerp_mode": "catmullrom"
						},
						"1.125": {
							"post": [0, 0, 0],
							"lerp_mode": "catmullrom"
						},
						"1.3333": {
							"post": [42.5, 0, 0],
							"lerp_mode": "catmullrom"
						},
						"1.5": [42.5, 0, 0],
						"1.5833": [0, 0, 0]
					},
					"position": {
						"0.0": {
							"post": [0, 0, 0],
							"lerp_mode": "catmullrom"
						},
						"1.125": {
							"post": [0, 0, 0],
							"lerp_mode": "catmullrom"
						},
						"1.3333": {
							"post": [0, -3, -8],
							"lerp_mode": "catmullrom"
						},
						"1.5": [0, -3, -8],
						"1.5833": [0, 0, 0]
					}
				},
				"head": {
					"rotation": {
						"0.0": {
							"post": [0, 0, 0],
							"lerp_mode": "catmullrom"
						},
						"1.125": {
							"post": [0, 0, 0],
							"lerp_mode": "catmullrom"
						},
						"1.2083": {
							"post": [-45, 0, 0],
							"lerp_mode": "catmullrom"
						},
						"1.3333": {
							"post": [0, 0, 0],
							"lerp_mode": "catmullrom"
						},
						"1.5": [0, 0, 0],
						"1.5833": [0, 0, 0]
					},
					"position": {
						"0.0": {
							"post": [0, 0, 0],
							"lerp_mode": "catmullrom"
						},
						"1.125": {
							"post": [0, 0, 0],
							"lerp_mode": "catmullrom"
						},
						"1.3333": {
							"post": [0, 0, -3],
							"lerp_mode": "catmullrom"
						},
						"1.5": [0, 0, -3],
						"1.5833": [0, 0, 0]
					}
				},
				"rightArm": {
					"rotation": {
						"0.0": {
							"post": [0, 0, 0],
							"lerp_mode": "catmullrom"
						},
						"0.8333": {
							"post": [-46.68086, -38.44868, -30.38564],
							"lerp_mode": "catmullrom"
						},
						"1.2083": {
							"post": [-114.18086, -38.44868, -30.38564],
							"lerp_mode": "catmullrom"
						},
						"1.3333": {
							"post": [-57.5, 0, -35],
							"lerp_mode": "catmullrom"
						},
						"1.5417": [-57.5, 0, -35],
						"1.5833": [0, 0, 0]
					},
					"position": {
						"0.0": {
							"post": [0, 0, 0],
							"lerp_mode": "catmullrom"
						},
						"0.8333": {
							"post": [0, 0, 0],
							"lerp_mode": "catmullrom"
						},
						"1.2083": {
							"post": [2, 2, 0],
							"lerp_mode": "catmullrom"
						},
						"1.3333": {
							"post": [1, 0, -2],
							"lerp_mode": "catmullrom"
						},
						"1.5417": [1, 0, -2],
						"1.5833": [0, 0, 0]
					}
				},
				"leftArm": {
					"rotation": {
						"0.0": {
							"post": [0, 0, 0],
							"lerp_mode": "catmullrom"
						},
						"1.125": {
							"post": [-134.46949, 11.31255, 5.35254],
							"lerp_mode": "catmullrom"
						},
						"1.2083": {
							"post": [-143.51967, 31.31615, -18.85204],
							"lerp_mode": "catmullrom"
						},
						"1.3333": {
							"post": [-55, 0, 25],
							"lerp_mode": "catmullrom"
						},
						"1.5417": [-55, 0, 25],
						"1.5833": [0, 0, 0]
					},
					"position": {
						"0.0": {
							"post": [0, 0, 0],
							"lerp_mode": "catmullrom"
						},
						"1.125": {
							"post": [-1, 0, -0.56],
							"lerp_mode": "catmullrom"
						},
						"1.3333": {
							"post": [-1, -1, -2],
							"lerp_mode": "catmullrom"
						},
						"1.5417": [-1, -1, -2],
						"1.5833": [0, 0, 0]
					}
				}
			}
		},
		"animation.kit.paladinspin": {
			"animation_length": 0.5,
			"override_previous_animation": true,
			"bones": {
				"root": {
					"rotation": {
						"0.0": [-25, 0, 0],
						"0.5": [-25, 360, 0]
					}
				},
				"rightArm": {
					"rotation": [-63.21865, -20.29348, -9.92926]
				},
				"leftArm": {
					"rotation": [-63.21865, 20.29348, 9.92926]
				},
				"rightItem": {
					"rotation": [0.31587, -55.70177, 113.05659],
					"position": [4, -2, 0]
				},
				"rightLeg": {
					"rotation": [2.5, 0, 0]
				},
				"leftLeg": {
					"rotation": [2.5, 0, 0]
				}
			}
		}
	}
}