{
  "format_version": "1.10.0",
  "minecraft:attachable": {
    "description": {
      "identifier": "kit:blue_team",
      "item": { "kit:blue_team": "query.owner_identifier == 'minecraft:player'" },
      "materials": {
        "default": "armor",
        "enchanted": "armor_enchanted"
      },
      "textures": {
        "default": "textures/models/armor/blue_legs",
        "enchanted": "textures/misc/enchanted_item_glint"
      },
      "geometry": {
        "default": "geometry.player.armor_lower"
      },
      "render_controllers": [ "controller.render.armor" ]
    }
  }
}
