{
    "format_version": "1.10.0",
    "minecraft:attachable": {
        "description": {
            "identifier": "kit:paladinweapon",
            "materials": {
                "default": "entity_alphatest",
                "enchanted": "entity_alphatest_glint"
            },
            "textures": {
                "default": "textures/entity/paladin_hammer",
                "enchanted": "textures/misc/enchanted_item_glint"
            },
            "geometry": {
                "default": "geometry.paladin_hammer"
            },
            "animations": {
                "wield": "controller.animation.trident.wield",
                "wield_first_person": "animation.trident.wield_first_person",
                "wield_third_person": "animation.trident.wield_third_person"
            },
            "scripts": {
				"pre_animation": [
                    "v.charge_amount = math.clamp((q.main_hand_item_max_duration - (q.main_hand_item_use_duration - q.frame_alpha + 1.0)) / 10.0, 0.0, 1.0f);"
                ],
                "animate": [
                    "wield"
                ]
            },
            "render_controllers": [
                "controller.render.item_default"
            ]
        }
    }
}