{
   "format_version" : "1.14.0",
   "sound_definitions" : {
	   "kit.drill" : {
		 "__use_legacy_max_distance" : "true",
         "category" : "block",
         "sounds" : [ "sounds/custom/drill" ]
	   },
	   	"kit.armorbreak" : {
		 "__use_legacy_max_distance" : "true",
         "category" : "block",
         "sounds" : [ "sounds/random/break" ]
	   },
	   "random.burp" : {
         "__use_legacy_max_distance" : "true",
         "category" : "player",
         "max_distance" : null,
         "min_distance" : null,
         "sounds" : [ "sounds/random/bur" ]
      },
	  "game.player.die" : {
         "__use_legacy_max_distance" : "true",
         "category" : "player",
         "max_distance" : null,
         "min_distance" : null,
         "sounds" : [ "sounds/random/bur" ]
      },
	  "kit.burp" : {
         "__use_legacy_max_distance" : "true",
         "category" : "player",
         "max_distance" : null,
         "min_distance" : null,
         "sounds" : [ "sounds/random/burp" ]
      }
   }
}