{
	"format_version": "1.12.0",
	"minecraft:geometry": [
		{
			"description": {
				"identifier": "geometry.rogueknife",
				"texture_width": 32,
				"texture_height": 32,
				"visible_bounds_width": 3,
				"visible_bounds_height": 1.5,
				"visible_bounds_offset": [0, 0.25, 0]
			},
			"bones": [
				{
					"name": "body",
					"pivot": [0, 2, 0],
					"rotation": [5, 0, 0],
					"cubes": [
						{
							"origin": [-1, -2, -11],
							"size": [2, 2, 18],
							"pivot": [0, 2, -2],
							"rotation": [-5, 0, 0],
							"uv": {
								"north": {"uv": [19, 20], "uv_size": [2, 2]},
								"east": {"uv": [8, 0], "uv_size": [18, 2]},
								"south": {"uv": [21, 12], "uv_size": [2, 2]},
								"west": {"uv": [8, 2], "uv_size": [18, 2]},
								"up": {"uv": [8, 4], "uv_size": [2, 18]},
								"down": {"uv": [10, 22], "uv_size": [2, -18]}
							}
						},
						{
							"origin": [-0.5, 0, -10],
							"size": [1, 2, 8],
							"pivot": [0, 2, -2],
							"rotation": [7.5, 0, 0],
							"uv": {
								"north": {"uv": [8, 22], "uv_size": [1, 2]},
								"east": {"uv": [12, 12], "uv_size": [8, 2]},
								"south": {"uv": [9, 22], "uv_size": [1, 2]},
								"west": {"uv": [12, 14], "uv_size": [8, 2]},
								"up": {"uv": [12, 20], "uv_size": [1, 8]},
								"down": {"uv": [20, 20], "uv_size": [1, -8]}
							}
						},
						{
							"origin": [-1, 2, -11],
							"size": [2, 2, 18],
							"pivot": [0, 2, -2],
							"rotation": [20, 0, 0],
							"uv": {
								"north": {"uv": [21, 14], "uv_size": [2, 2]},
								"east": {"uv": [12, 4], "uv_size": [18, 2]},
								"south": {"uv": [21, 16], "uv_size": [2, 2]},
								"west": {"uv": [12, 6], "uv_size": [18, 2]},
								"up": {"uv": [0, 12], "uv_size": [2, 18]},
								"down": {"uv": [2, 30], "uv_size": [2, -18]}
							}
						},
						{
							"origin": [-0.5, -2, -2],
							"size": [1, 6, 8],
							"pivot": [0, 2, -2],
							"rotation": [7.5, 0, 0],
							"uv": {
								"north": {"uv": [17, 20], "uv_size": [1, 6]},
								"east": {"uv": [0, 0], "uv_size": [8, 6]},
								"south": {"uv": [18, 20], "uv_size": [1, 6]},
								"west": {"uv": [0, 6], "uv_size": [8, 6]},
								"up": {"uv": [13, 20], "uv_size": [1, 8]},
								"down": {"uv": [14, 28], "uv_size": [1, -8]}
							}
						},
						{
							"origin": [-1, -7, -8],
							"size": [2, 2, 11],
							"pivot": [0, 2, -2],
							"rotation": [92.5, 0, 0],
							"uv": {
								"north": {"uv": [21, 18], "uv_size": [2, 2]},
								"east": {"uv": [12, 8], "uv_size": [11, 2]},
								"south": {"uv": [21, 20], "uv_size": [2, 2]},
								"west": {"uv": [12, 10], "uv_size": [11, 2]},
								"up": {"uv": [4, 12], "uv_size": [2, 11]},
								"down": {"uv": [6, 23], "uv_size": [2, -11]}
							}
						},
						{
							"origin": [-0.5, 1.84943, -1.4858],
							"size": [1, 2, 8],
							"pivot": [0, 1.84943, 6.0142],
							"rotation": [-177.5, 0, 0],
							"uv": {
								"north": {"uv": [10, 22], "uv_size": [1, 2]},
								"east": {"uv": [12, 16], "uv_size": [8, 2]},
								"south": {"uv": [11, 22], "uv_size": [1, 2]},
								"west": {"uv": [12, 18], "uv_size": [8, 2]},
								"up": {"uv": [15, 20], "uv_size": [1, 8]},
								"down": {"uv": [16, 28], "uv_size": [1, -8]}
							}
						}
					]
				}
			]
		}
	]
}