{
  "format_version": "1.12.0",
	"minecraft:entity": {
    "description": {
      "identifier": "kit:collider",
      "is_spawnable": false,
      "is_summonable": true,
      "is_experimental": false
    },
	"component_groups":{
		"minecraft:full_collide":{
						"minecraft:scale": {
				"value": 1.0
			},
						"minecraft:collision_box": {
				"width": 0.8,
				"height": 1.6
			}
		}
	},
		"components": {
						  "minecraft:damage_sensor":{
		  "triggers":{
				"deals_damage": false
		  }
	  },
			"minecraft:scale": {
				"value": 0.0
			},
			      "minecraft:nameable": {
      },
			"minecraft:collision_box": {
				"width": 0.1,
				"height": 0.1
			},
			"minecraft:physics": {
			},
			"minecraft:pushable": {
				"is_pushable": true,
				"is_pushable_by_piston": true
			},
			"minecraft:conditional_bandwidth_optimization": {
				"default_values": {
					"max_optimized_distance": 80.0,
					"max_dropped_ticks": 7,
					"use_motion_prediction_hints": true
				  }
			}
		},
		"events":{
			"minecraft:full_collide":{
				"add":{
					"component_groups": [ "minecraft:full_collide" ]
				}
			},
			"kit:for_projectile": {
				"run_command": {
					"command": [ "tag @s add forProjectile"
					]
				}
			}
			
		}

	}
}