{
  "format_version": "1.13.0",
  "minecraft:entity": {
    "description": {
      "identifier": "kit:poison_puff",
	  "runtime_identifier": "minecraft:snowball",
      "is_spawnable": false,
      "is_summonable": true,
      "is_experimental": false
    },

    "components": {
      "minecraft:collision_box": {
        "width": 0.25,
        "height": 0.25
      },
	  "minecraft:timer": {
		  "looping": true,
		  "time": [0.05,0.05],
		  "time_down_event": {
			  "event": "kit:poison_puff_particle"
		  }
	  },
      "minecraft:projectile": {
        "power": 1.25,
        "gravity": 0.1,
        "anchor": 1,
        "offset": [ 0, -1, 0 ],
		"angle_offset": -20
      },
      "minecraft:physics": {
      },
      "minecraft:pushable": {
        "is_pushable": false,
        "is_pushable_by_piston": true
      },
      "minecraft:conditional_bandwidth_optimization": {
        "default_values": {
          "max_optimized_distance": 80.0,
          "max_dropped_ticks": 7,
          "use_motion_prediction_hints": true
        }
      }
    },

    "events": {
      "minecraft:entity_spawned": {
        "sequence": [
          {
            "filters": {"test": "has_tag", "subject": "other", "value": "red"},
            "run_command": {
              "command": [
			  "tag @s add red_projectile",
			  "particle kit:poison_puff ~~~",
			  "tag @s add projectile"
			  ]
            }
          },
          {
            "filters": {"test": "has_tag", "subject": "other", "value": "blue"},
            "run_command": {
              "command": [
			  "tag @s add blue_projectile",
			  "particle kit:poison_puff ~~~",
			  "tag @s add projectile"
			  ]
            }
          }
        ]
      },
	  "kit:poison_puff_particle": {
		  "run_command": {
			  "command": [
			  "particle kit:poison_puff ~~~",
			  "execute as @s[tag=red_projectile] if entity @e[tag=blue,r=1.5] run event entity @s kit:collide",
			  "execute as @s[tag=blue_projectile] if entity @e[tag=red,r=1.5] run event entity @s kit:collide"
			  ]
		  }
	  },
	  "kit:collide": {
		  "run_command": {
			  "command": [
			  "particle kit:poison_puff_large ~~1~",
			  "execute if entity @s[tag=red_projectile] run effect @e[r=4,tag=blue] poison 4 1",
			  "execute if entity @s[tag=blue_projectile] run effect @e[r=4,tag=red] poison 4 1",
			  "function killSpot"
			  ]
		  }
	  }
    }

  }
}
