{
  "format_version": "1.16.0",
  "minecraft:entity": {
    "description": {
      "identifier": "kit:turret",
      "is_spawnable": true,
      "is_summonable": true,
      "is_experimental": false
    },
    "component_groups": {
		"minecraft:target_red":{
		"minecraft:behavior.nearest_prioritized_attackable_target": {
        "priority": 2,
        "must_see": true,
        "reselect_targets": true,
        "entity_types": [
		          {
            "filters": {
			"all_of": [
			{ "test": "has_tag",
              "subject": "other",
			"value": "red" },					
			{ "test": "has_tag",
              "subject": "other",
			"value": "turretmark" }
			]
            },
            "max_dist": 45,
			"priority": 0
          },
          {
            "filters": {
			"all_of": [
			{ "test": "has_tag",
              "subject": "other",
			"value": "red" }
			]
            },
            "max_dist": 45,
			"priority": 1
          }
          
        ]
      },
	        "minecraft:shooter": {
        "def": "kit:turretshot"
      }
		},
		"minecraft:target_blue":{
		"minecraft:behavior.nearest_prioritized_attackable_target": {
        "priority": 2,
        "must_see": true,
        "reselect_targets": true,
        "entity_types": [
		          {
            "filters": {
			"all_of": [
			{ "test": "has_tag",
              "subject": "other",
			"value": "blue" },				
			{ "test": "has_tag",
              "subject": "other",
			"value": "turretmark" }
			]
            },
            "max_dist": 45,
			"priority": 0
          },
          {
            "filters": {
			"all_of": [
			{ "test": "has_tag",
              "subject": "other",
			"value": "blue" }
			]
            },
            "max_dist": 45,
			"priority": 1
          }
          
        ]
      },
			        "minecraft:shooter": {
        "def": "kit:turretshot"
      }
		}
	},
    "components": {
      "minecraft:is_hidden_when_invisible": {
      },
      "minecraft:collision_box": {
        "width": 0.6,
        "height": 1.3
      },
      "minecraft:type_family": {
        "family": [ "turret" ]
      },
      "minecraft:breathable": {
        "total_supply": 15,
        "suffocate_time": 0,
        "breathes_water": true
      },

      "minecraft:health": {
        "value": 30,
        "max": 30
      },
      "minecraft:hurt_on_condition": {
        "damage_conditions": [
          {
            "filters": { "test": "in_lava", "subject": "self", "operator": "==", "value": true },
            "cause": "lava",
            "damage_per_tick": 4
          }
        ]
      },
      "minecraft:movement": {
        "value": 0.0
      },
      "minecraft:navigation.walk": {
        "is_amphibious": true,
        "avoid_sun": false,
        "avoid_water": false
      },
      "minecraft:movement.basic": {
      },
      "minecraft:jump.static": {
      },
      "minecraft:can_climb": {
      },
      "minecraft:nameable": {
      },
			        "minecraft:shooter": {
        "def": "kit:turretshot"
      },
	  		"minecraft:scale": {
				"value": 1.25
			},
      "minecraft:despawn": {
        "despawn_from_distance": {}
      },
      "minecraft:behavior.ranged_attack": {
        "priority": 0,
        "attack_interval_min": 2,
        "attack_interval_max": 2,
        "attack_radius": 15.0
      },
      "minecraft:physics": {
      },
	  "minecraft:knockback_resistance": {
        "value": 1.0
      },
      "minecraft:pushable": {
        "is_pushable": false,
        "is_pushable_by_piston": true
      },
      "minecraft:conditional_bandwidth_optimization": {
      }
    },

    "events": {
		"minecraft:team_red":{
			"add": {
				"component_groups": [
					"minecraft:target_blue"
					]
			},
			"remove": {
				"component_groups": [
					"minecraft:target_red"
					]
			}
		},
				"minecraft:team_blue":{
			"add": {
				"component_groups": [
					"minecraft:target_red"
					]
			},
			"remove": {
				"component_groups": [
					"minecraft:target_blue"
					]
			}
		}
    }
  }
}