{
  "format_version": "1.16.210",
  "minecraft:entity": {
    "description": {
      "identifier": "minecraft:armor_stand",
      "is_spawnable": false,
      "is_summonable": true,
      "is_experimental": false
    },
	    "component_groups": {
	"minecraft:no_collision":{
		"minecraft:collision_box": {
        "width": 0.1,
        "height": 0.1
      },
	  "minecraft:scale": {
		  "value": 0
	  }
	},
	
		"minecraft:collision":{
		"minecraft:collision_box": {
        "width": 0.6,
        "height": 1.8
      }
		}
	},
    "components": {
      "minecraft:type_family": {
        "family": [ "armor_stand", "inanimate", "mob" ]
      },
      "minecraft:collision_box": {
        "width": 0.5,
        "height": 1.975
      },
      "minecraft:health": {
        "value": 6,
        "max": 6
      },
      "minecraft:hurt_on_condition": {
        "damage_conditions": [
          {
            "filters": { "test": "in_lava", "subject": "self", "operator": "==", "value": true },
            "cause": "lava",
            "damage_per_tick": 4
          }
        ]
      },
      "minecraft:knockback_resistance": {
        "value": 1.0
      },
      "minecraft:loot": {
        "table": "loot_tables/entities/armor_stand.json"
      },
      "minecraft:nameable": {
      },
      "minecraft:persistent": {
      },
      "minecraft:physics": {
      },
      "minecraft:pushable": {
        "is_pushable": false,
        "is_pushable_by_piston": true
      },
      "minecraft:conditional_bandwidth_optimization": {
      }
    },

    "events": {
				"minecraft:no_collision":{
			"add":{
				"component_groups":[
				"minecraft:no_collision"
				]
			},
						"remove":{
				"component_groups":[
				"minecraft:collision"
				]
			}
		},
		"minecraft:collision":{
			"remove":{
				"component_groups":[
				"minecraft:no_collision"
				]
			},
									"add":{
				"component_groups":[
				"minecraft:collision"
				]
			}
		}
    }
  }
}