{
  "format_version": "1.17.20",
  "minecraft:entity": {
    "description": {
      "identifier": "kit:goliath_mighty_bound",
      "is_spawnable": false,
      "is_summonable": true,
      "is_experimental": false
    },
    "component_groups": {
	  //RED TEAMS JUMP
      "red": {
        "minecraft:behavior.knockback_roar": {
          "priority": 1,
          "duration": 1,
          "attack_time": 0.05,
          "knockback_damage": 0,
          "knockback_horizontal_strength": 5,
          "knockback_vertical_strength": 4,
		  "knockback_height_cap": 2,
          "knockback_range": 20,
          "knockback_filters": {
            "test": "has_tag",
            "subject": "other",
            "operator": "==",
            "value": "goliathLeapRed"
          },
          "damage_filters": {
            "test": "is_family",
            "subject": "other",
            "operator": "==",
            "value": "ocelot"
          },
          "on_roar_end": {
            "event": "minecraft:end_roar"
          },
          "cooldown_time": 0.1
        }
      },
	  // BLUE TEAMS JUMP
	  "blue": { 
        "minecraft:behavior.knockback_roar": {
          "priority": 1,
          "duration": 1,
          "attack_time": 0.05,
          "knockback_damage": 0,
          "knockback_horizontal_strength": 5,
          "knockback_vertical_strength": 4,
		  "knockback_height_cap": 2,
          "knockback_range": 20,
          "knockback_filters": {
            "test": "has_tag",
            "subject": "other",
            "operator": "==",
            "value": "goliathLeapBlue"
          },
          "damage_filters": {
            "test": "is_family",
            "subject": "other",
            "operator": "==",
            "value": "ocelot"
          },
          "on_roar_end": {
            "event": "minecraft:end_roar"
          },
          "cooldown_time": 0.1
        }
      }
    },
    "components": {
     "minecraft:scale":{
    "value": 0.01
},
	  "minecraft:type_family": {
        "family": [ "knockback" ]
	  },
      "minecraft:collision_box": {
        "height": 0.1,
        "width": 0.1
      },
      "minecraft:health": {
        "max": 100,
        "value": 100
      }
	},
			"minecraft:damage_sensor":{
		  "triggers":{
				"deals_damage": false
		  }
	  },
    "events": {
      "kit:team_red": {
        "add": {
          "component_groups": [
            "red"
          ]
        }
      },
	  "kit:team_blue": {
        "add": {
          "component_groups": [
            "blue"
          ]
        }
      },
      "minecraft:end_roar": {
        "run_command": {
			"command": [
			"function killSpot"
		]
      }
	  }
	}
    }
  }