{
  "format_version": "1.13.0",
  "minecraft:entity": {
    "description": {
      "identifier": "kit:huntress_arrow",
	  "runtime_identifier": "minecraft:arrow",
      "is_spawnable": false,
      "is_summonable": true,
      "is_experimental": false
    },

    "components": {
      "minecraft:collision_box": {
        "width": 0.75,
        "height": 0.75
      },
	  "minecraft:timer": {
		  "looping": true,
		  "time": [0.01,0.01],
		  "time_down_event": {
			  "event": "kit:smite_runtime"
		  }
		  
	  },
      "minecraft:projectile": {
		 "on_hit": {
			"impact_damage": {
				"damage": 1,
				"destroy_on_hit": true,
				"destroy_on_hit_requires_damage": true,
				"knockback": false,
				"semi_random_diff_damage": true,
				"max_critical_damage": 12,
				"min_critical_damage": 11
			},
            "stick_in_ground": {
              "shake_time" : 0.5
            }
          },
        "power": 5,
		"multiple_targets": true,
        "gravity": 0.03,
        "anchor": 1,
        "offset": [ 0, 0.1, 0],
		"angle_offset": 0
      },
      "minecraft:physics": {
      },
      "minecraft:pushable": {
        "is_pushable": false,
        "is_pushable_by_piston": true
      },
      "minecraft:conditional_bandwidth_optimization": {
        "default_values": {
          "max_optimized_distance": 80.0,
          "max_dropped_ticks": 7,
          "use_motion_prediction_hints": true
        }
      }
    },

    "events": {
      "minecraft:entity_spawned": {
        "sequence": [
          {
            "filters": {"test": "has_tag", "subject": "other", "value": "red"},
            "run_command": {
              "command": [
			  "tag @s add red_projectile",
			  "tag @s add precision_projectile",
			  "playsound firework.launch @a[r=20] ~~~ 20 1.5"
			  ]
            }
          },
          {
            "filters": {"test": "has_tag", "subject": "other", "value": "blue"},
            "run_command": {
              "command": [
			  "tag @s add blue_projectile",
			  "tag @s add precision_projectile",
			  "playsound firework.launch @a[r=20] ~~~ 20 1.5"
			  ]
            }
          }
        ]
      },
	  "kit:smite_runtime": {
		  "run_command": {
			  "command": [
			  "function huntress_arrow_runtime"
			  ]
		  }
	  },
	  "kit:collide": {
		  "run_command": {
			  "command": [
			  "function huntress_arrow_collide"
			  ]
		  }
	  }
    }

  }
}
