{
  "format_version": "1.12.0",
	"minecraft:entity": {
    "description": {
      "identifier": "kit:nametag",
      "is_spawnable": false,
      "is_summonable": true,
      "is_experimental": false
    },
		"components": {
		"minecraft:damage_sensor":{
		  "triggers":{
				"deals_damage": false
		  }
	  },
			"minecraft:scale": {
				"value": 1.0
			},
			"minecraft:type_family": {
        "family": [ "nametag" ]
      },
			"minecraft:nameable": {
					  "always_show": true
      },
			"minecraft:collision_box": {
				"width": 0.0,
				"height": 0.0
			},
			"minecraft:pushable": {
				"is_pushable": false,
				"is_pushable_by_piston": true
			},
			"minecraft:conditional_bandwidth_optimization": {
				"default_values": {
					"max_optimized_distance": 80.0,
					"max_dropped_ticks": 7,
					"use_motion_prediction_hints": true
				  }
			}
		}

	}
}