{
  "format_version": "1.18.20",
	"minecraft:entity": {
    "description": {
      "identifier": "kit:payload",
      "is_spawnable": true,
      "is_summonable": true,
      "is_experimental": false,
	  "properties": {
		"kit:payload_moving": {
			"type": "bool",
			"client_sync": true,
			"default": false
		},
		"kit:payload_moving_up": {
			"type": "bool",
			"client_sync": true,
			"default": false
		},
		"kit:payload_moving_down": {
			"type": "bool",
			"client_sync": true,
			"default": false
		}
	}
	},
		"components": {
		"minecraft:damage_sensor":{
		  "triggers":{
				"deals_damage": false
		  }
	  },
      "minecraft:health": {
        "value": 10000,
        "max": 10000
      },
	  "minecraft:rideable": {
          "seat_count": 1,
          "family_types": [
            "nametag"
          ],
          "interact_text": "action.interact.ride.horse",
          "seats": [
            {
              "min_rider_count": 0,
              "max_rider_count": 1,
              "position": [ 0.0, 1.5, 0.0 ]
            }
          ]
        },
			"minecraft:scale": {
				"value": 1.5
			},
			      "minecraft:nameable": {
      },
			"minecraft:collision_box": {
				"width": 1.2,
				"height": 1
			},
			"minecraft:physics": {
			},
			"minecraft:pushable": {
				"is_pushable": false,
				"is_pushable_by_piston": true
			},
			"minecraft:conditional_bandwidth_optimization": {
				"default_values": {
					"max_optimized_distance": 80.0,
					"max_dropped_ticks": 7,
					"use_motion_prediction_hints": true
				  }
			}
		},
		"events": {
			"kit:payload_moving": {
				"set_property": {
					"kit:payload_moving": true
				}
			},
			"kit:payload_stopped": {
				"set_property": {
					"kit:payload_moving": false
				}
			},
			"kit:payload_moving_up": {
				"set_property": {
					"kit:payload_moving_up": true,
					"kit:payload_moving_down": false
				}
			},
			"kit:payload_moving_down": {
				"set_property": {
					"kit:payload_moving_down": true,
					"kit:payload_moving_up": false
				}
			},
			"kit:payload_moving_straight": {
				"set_property": {
					"kit:payload_moving_down": false,
					"kit:payload_moving_up": false
				}
			}
		}
	}
}