{
  "format_version": "1.18.20",
  "minecraft:entity": {
    "description": {
      "identifier": "minecraft:player",
      "is_spawnable": false,
      "is_summonable": false,
      "is_experimental": false,
	  "properties": {
		"kit:is_shooting_shotgun": {
			"type": "bool", 
			"default": false,
			"client_sync": true
			} 
	  },
	  "animations": {
		  "jump_input": "animation.player.jump_input",
		  "not_jumping": "animation.player.not_jumping",
		  "airborne": "animation.player.airborne",
		  "grounded": "animation.player.grounded",
		  "charging": "animation.player.charging",
		  "not_charging": "animation.player.not_charging",
		  "sprinting": "animation.player.sprinting",
		  "eating": "animation.player.eating",
		  "not_eating": "animation.player.not_eating"
	  },
	  "scripts": {
		  "animate": [
		  { "sprinting": "query.is_sprinting && query.is_on_ground" },
		  { "jump_input": "query.is_jumping" },
		  { "not_jumping": "!query.is_jumping" },
		  { "airborne": "!query.is_on_ground" },
		  { "grounded": "query.is_on_ground" },
		  { "charging": "query.item_in_use_duration > 0.1" },
		  { "not_charging": "query.item_in_use_duration < 0.1" },
		  { "eating": "variable.use_item_startup_progress > 0.0" },
		  { "not_eating": "!(variable.use_item_startup_progress > 0.0)" }
		  ]
	  }
    },

    "component_groups": {
	//KIT GROUPS
	  "normal_size": {
		"minecraft:scale":{
			  "value": 1.0
		  },
		  "minecraft:collision_box": {
			"width": 0.6,
			"height": 1.8
      },
	  	 "minecraft:rideable": {
          "seat_count": 1,
          "family_types": [
            "nametag"
          ],
          "interact_text": "action.interact.ride.horse",
          "seats": [
            {
              "min_rider_count": 0,
              "max_rider_count": 1,
              "position": [ 0.0, 0.3, 0.0 ]
            }
          ]
        }
	},
	  "large_size": {
		  "minecraft:scale":{
			  "value": 1.1
		  },
		  "minecraft:collision_box": {
			"width": 0.6,
			"height": 1.7
      },
	  	 "minecraft:rideable": {
          "seat_count": 1,
          "family_types": [
            "nametag"
          ],
          "interact_text": "action.interact.ride.horse",
          "seats": [
            {
              "min_rider_count": 0,
              "max_rider_count": 1,
              "position": [ 0.0, 0.45, 0.0 ]
            }
          ]
        }
	  },
	  "huge_size": {
		  "minecraft:scale":{
			  "value": 1.2
		  },
		  "minecraft:collision_box": {
			"width": 0.6,
			"height": 1.5
      },
	  	 "minecraft:rideable": {
          "seat_count": 1,
          "family_types": [
            "nametag"
          ],
          "interact_text": "action.interact.ride.horse",
          "seats": [
            {
              "min_rider_count": 0,
              "max_rider_count": 1,
              "position": [ 0.0, 0.6, 0.0 ]
            }
          ]
        }
	  },
	  "kb_immune": {
		"minecraft:knockback_resistance": {
        "value": 1.0
		}
      },
	  "kb_resist_light": {
		  		"minecraft:knockback_resistance": {
        "value": 0.2
		}
	  },
	  "kb_resist_medium": {
		  		"minecraft:knockback_resistance": {
        "value": 0.4
		}
	  },
	  "kb_resist_none": {
		  		"minecraft:knockback_resistance": {
        "value": 0.0
		}
	  }
	},
		  
      "minecraft:add_bad_omen": {
        "minecraft:spell_effects": {
          "add_effects": [
            {
              "effect": "bad_omen",
              "duration": 6000,
              "visible": false,
              "display_on_screen_animation": true
            }
          ]
        },
        "minecraft:timer": {
          "time": [ 0.0, 0.0 ],
          "looping": false,
          "time_down_event": {
            "event": "minecraft:clear_add_bad_omen",
            "target": "self"
          }
        }
      },
      "minecraft:clear_bad_omen_spell_effect": {
        "minecraft:spell_effects": {
        }
      },
      "minecraft:raid_trigger": {
        "minecraft:raid_trigger": {
          "triggered_event": {
            "event": "minecraft:remove_raid_trigger",
            "target": "self"
          }
        },
        "minecraft:spell_effects": {
          "remove_effects": "bad_omen"
        }
    },

    "components": {
	"minecraft:nameable": {
			"always_show": false,
			"allow_name_tag_renaming": false
      },
      "minecraft:experience_reward": {
        "on_death": "Math.Min(query.player_level * 7, 100)"
      },
      "minecraft:type_family": {
        "family": [ "player" ]
      },
      "minecraft:is_hidden_when_invisible": {
      },
      "minecraft:loot": {
        "table": "loot_tables/empty.json"
      },
      "minecraft:collision_box": {
        "width": 0.6,
        "height": 1.8
      },
      "minecraft:can_climb": {
      },
      "minecraft:movement": {
        "value": 0.1
      },
      "minecraft:hurt_on_condition": {
        "damage_conditions": [
          {
            "filters": { "test": "in_lava", "subject": "self", "operator": "==", "value": true },
            "cause": "lava",
            "damage_per_tick": 4
          }
        ]
      },
      "minecraft:attack": {
        "damage": 1
      },
		"minecraft:exhaustion_values": {
        "heal": 0,
        "jump": 0,
        "sprint_jump": 0,
        "mine": 0.0,
        "attack": 0,
        "damage": 0,
        "walk": 0,
        "sprint": 0.0,
        "swim": 0.0
      },
      "minecraft:player.saturation": {
        "value": 0,
         "max": 20
      },
      "minecraft:player.exhaustion": {
        "value": 0,
        "max": 20
      },
      "minecraft:player.level": {
        "value": 0,
        "max": 24791
      },
      "minecraft:player.experience": {
        "value": 0,
        "max": 1
      },
      "minecraft:breathable": {
        "total_supply": 15,
        "suffocate_time": -1,
        "inhale_time": 3.75,
        "generates_bubbles": false
      },
      "minecraft:physics": {
      },
      "minecraft:pushable": {
        "is_pushable": false,
        "is_pushable_by_piston": true
      },
      "minecraft:insomnia": {
        "days_until_insomnia": 3
	  },
      "minecraft:conditional_bandwidth_optimization": {
      },
      "minecraft:block_climber": {},
      "minecraft:environment_sensor": {
        "triggers": {
          "filters": {
            "all_of": [
              {
                "test": "has_mob_effect",
                "subject": "self",
                "value": "bad_omen"
              },
              {
                "test": "is_in_village",
                "subject": "self",
                "value": true
              }
            ]
          },
          "event": "minecraft:trigger_raid"
        }
      },
	// KIT STARTS HERE 
	 "minecraft:damage_sensor": {
        "triggers": [
		{
			"on_damage": {
			"filters": {
				"all_of": [
				{
					"test": "has_tag",
					"subject": "self",
					"operator": "==",
					"value": "red"
				},
				{
					"test": "has_tag",
					"subject": "damager",
					"operator": "==",
					"value": "red_projectile"
				}
				]
			}
			},
			"deals_damage": false
		},
		{
			"on_damage": {
			"filters": {
				"all_of": [
				{
					"test": "has_tag",
					"subject": "self",
					"operator": "==",
					"value": "red"
				},
				{
					"test": "has_tag",
					"subject": "damager",
					"operator": "==",
					"value": "red"
				}
				]
			}
			},
			"deals_damage": false
		},
		{
			"on_damage": {
			"filters": {
				"all_of": [
				{
					"test": "has_tag",
					"subject": "self",
					"operator": "==",
					"value": "blue"
				},
				{
					"test": "has_tag",
					"subject": "damager",
					"operator": "==",
					"value": "blue"
				}
				]
			}
			},
			"deals_damage": false
		},
		{
			"on_damage": {
			"filters": {
				"all_of": [
				{
					"test": "has_tag",
					"subject": "self",
					"operator": "==",
					"value": "blue"
				},
				{
					"test": "has_tag",
					"subject": "damager",
					"operator": "==",
					"value": "blue_projectile"
				}
				]
			}
			},
			"deals_damage": false
		},
		{
			"on_damage": {
			"filters": {
				"all_of": [
				{
					"test": "has_tag",
					"subject": "self",
					"operator": "==",
					"value": "damageVuln"
				},
				{
					"test": "has_tag",
					"subject": "self",
					"operator": "==",
					"value": "goliath"
				}
				]
			},
				"event": "kit:enter_combat",
				"target": "self"
			},
			"damage_multiplier": 1.3,
			"damage_modifier": -1
		},
		{
			"on_damage": {
			"filters": {
				"all_of": [
				{
					"test": "has_tag",
					"subject": "self",
					"operator": "==",
					"value": "goliath"
				}
				]
			},
				"event": "kit:enter_combat",
				"target": "self"
			},
			"damage_modifier": -1
		},
		{
			"on_damage": {
			"filters": {
				"all_of": [
				{
					"test": "has_tag",
					"subject": "self",
					"operator": "==",
					"value": "damageVuln"
				}
				]
			},
				"event": "kit:enter_combat",
				"target": "self"
			},
			"damage_multiplier": 1.3
		},
		{
			"on_damage": {
			  "event": "kit:enter_combat",
			  "target": "self"
			}
        }
		]
      }
	},

    "events": {
      "minecraft:gain_bad_omen": {
        "add": {
          "component_groups": [
            "minecraft:add_bad_omen"
          ]
        }
      },
      "minecraft:clear_add_bad_omen": {
        "remove": {
          "component_groups": [
            "minecraft:add_bad_omen"
          ]
        },
        "add": {
          "component_groups": [
            "minecraft:clear_bad_omen_spell_effect"
          ]
        }
      },
      "minecraft:trigger_raid": {
        "add": {
          "component_groups": [ "minecraft:raid_trigger" ]
        }
      },
      "minecraft:remove_raid_trigger": {
        "remove": {
          "component_groups": [ "minecraft:raid_trigger" ]
        }
      },
	  // KIT STARTS HERE
	  "kit:enter_combat": {
		  "run_command": {
			  "command": [
			  "scoreboard players set @s combatTimer 7"
			  ]
		  }
	  },
	  "kit:is_tank": {
		"add": {
			"component_groups": [
				"large_size",
				"kb_resist_light"
			]
		},
		"remove": {
			"component_groups": [
				"huge_size",
				"normal_size",
				"kb_resist_none",
				"kb_resist_medium",
				"kb_immune"
			]
		}	  
	  },
	  "kit:is_not_tank": {
		"add": {
			"component_groups": [
				"normal_size",
				"kb_resist_none"
			]
		},
		"remove": {
			"component_groups": [
				"huge_size",
				"large_size",
				"kb_resist_light",
				"kb_resist_medium",
				"kb_immune"
			]
		}
				  
	  },
	  "kit:is_goliath": {
		"add": {
			"component_groups": [
				"huge_size",
				"kb_resist_medium"
			]
		},
		"remove": {
			"component_groups": [
				"normal_size",
				"large_size",
				"kb_resist_light",
				"kb_resist_none",
				"kb_immune"
			]
		}
				  
	  },
	  "kit:is_nothing":{
		 "remove": {
			"component_groups": [
				"normal_size",
				"large_size",
				"kb_resist_light",
				"kb_resist_none",
				"huge_size",
				"kb_resist_medium",
				"kb_immune"
			]
		}
	  },
	  "kit:is_kb_immune": {
		  "add": {
			  "component_groups": [
			  "kb_immune"
		  ]
		  },
		  "remove": {
			  "component_groups": [
			  "kb_resist_light",
			  "kb_resist_medium",
			  "kb_resist_none"
		  ]
	  }
	  },
	  "kit:is_shooting_shotgun_true": {
		"set_property": {
			  "kit:is_shooting_shotgun": true
			}
	  },
	  "kit:is_shooting_shotgun_false": {
		"set_property": {
			  "kit:is_shooting_shotgun": false
			}
	  }
	  }
  }
}



