{
  "format_version": "1.12.0",
	"minecraft:entity": {
    "description": {
      "identifier": "kit:rogueknife",
	  "runtime_identifier": "minecraft:arrow",
      "is_spawnable": false,
      "is_summonable": true,
      "is_experimental": false
    },
		"component_groups": {
			"minecraft:red_knife":{
		"minecraft:type_family": {
        "family": [ "red" ]
		}
			},
			"minecraft:blue_knife":{
		"minecraft:type_family": {
        "family": [ "blue" ]
		}
			}
			
		},
		"components": {
			"minecraft:collision_box": {
				"width": 0.0,
				"height": 0.0
			},
			"minecraft:projectile": {
				"liquid_inertia": 0.99,
				"power": 1.25,
				"gravity": 0.03,
				"uncertainty_base": 1,
				"uncertainty_multiplier": 0,
				"stop_on_hurt": false,
				"anchor": 1,
				"should_bounce": false,
				"angle_offset": 0,
				"offset": [ 0, -0.1, 0 ]
			},
			"minecraft:physics": {
			},
			"minecraft:pushable": {
				"is_pushable": true,
				"is_pushable_by_piston": true
			},
			"minecraft:conditional_bandwidth_optimization": {
				"default_values": {
					"max_optimized_distance": 80.0,
					"max_dropped_ticks": 7,
					"use_motion_prediction_hints": true
				  }
			}
		},
		    "events": {
      "minecraft:entity_spawned": {
        "sequence": [
          {
            "filters": {"test": "has_tag", "subject": "other", "value": "red"},
            "add": {
              "component_groups" : [ "minecraft:red_knife" ]
            }
          },
          {
            "filters": {"test": "has_tag", "subject": "other", "value": "blue"},
            "add": {
              "component_groups": [ "minecraft:blue_knife" ]
            }
          }
        ]
      }
    }
	}
}