{
  "format_version": "1.13.0",
  "minecraft:entity": {
    "description": {
      "identifier": "kit:imbue",
	  "runtime_identifier": "minecraft:snowball",
      "is_spawnable": false,
      "is_summonable": true,
      "is_experimental": false
    },

    "components": {
      "minecraft:collision_box": {
        "width": 0.25,
        "height": 0.25
      },
	  "minecraft:timer": {
		  "looping": true,
		  "time": [0.05,0.05],
		  "time_down_event": {
			  "event": "kit:smite_runtime"
		  }
		  
	  },
      "minecraft:projectile": {
        "power": 1.5,
        "gravity": 0.0,
        "anchor": 1,
        "offset": [ 0, 0.1, 0 ],
		"angle_offset": 0
      },
      "minecraft:physics": {
      },
      "minecraft:pushable": {
        "is_pushable": false,
        "is_pushable_by_piston": true
      },
      "minecraft:conditional_bandwidth_optimization": {
        "default_values": {
          "max_optimized_distance": 80.0,
          "max_dropped_ticks": 7,
          "use_motion_prediction_hints": true
        }
      }
    },

    "events": {
      "minecraft:entity_spawned": {
        "sequence": [
          {
            "filters": {"test": "has_tag", "subject": "other", "value": "red"},
            "run_command": {
              "command": [
			  "tag @s add red_projectile",
			  "tag @s add projectile",
			  "playsound mob.evocation_illager.cast_spell @a[r=20] ~~~ 20 1.25"
			  ]
            }
          },
          {
            "filters": {"test": "has_tag", "subject": "other", "value": "blue"},
            "run_command": {
              "command": [
			  "tag @s add blue_projectile",
			  "tag @s add projectile",
			  "playsound mob.evocation_illager.cast_spell @a[r=20] ~~~ 20 1.25"
			  ]
            }
          }
        ]
      },
	  "kit:smite_runtime": {
		  "run_command": {
			  "command": [
			  "function shaman_imbue_runtime"
			  ]
		  }
	  },
	  "kit:collide": {
		  "run_command": {
			  "command": [
			  "function killSpot"
			  ]
		  }
	  }
    }

  }
}
