{
  "format_version": "1.13.0",
  "minecraft:entity": {
    "description": {
      "identifier": "kit:slug",
	  "runtime_identifier": "minecraft:arrow",
      "is_spawnable": false,
      "is_summonable": true,
      "is_experimental": false
    },

    "components": {
      "minecraft:collision_box": {
        "width": 0.25,
        "height": 0.25
      },
	  "minecraft:timer": {
		  "looping": true,
		  "time": [0.05,0.05],
		  "time_down_event": {
			  "event": "kit:slug_runtime"
		  }
	  },
      "minecraft:projectile": {
		 "on_hit": {
            "stick_in_ground": {
              "shake_time" : 0.5
            }
          },
		"hit_sound": "hi",
        "power": 2.5,
		"multiple_targets": true,
        "gravity": 0.0,
		"inertia": 0.94,
        "anchor": 1,
        "offset": [ 0, -0.3, 0.5],
		"angle_offset": 0
      },
      "minecraft:physics": {
      },
      "minecraft:pushable": {
        "is_pushable": false,
        "is_pushable_by_piston": true
      },
      "minecraft:conditional_bandwidth_optimization": {
        "default_values": {
          "max_optimized_distance": 80.0,
          "max_dropped_ticks": 7,
          "use_motion_prediction_hints": true
        }
      }
    },

    "events": {
      "minecraft:entity_spawned": {
        "sequence": [
          {
            "filters": {"test": "has_tag", "subject": "other", "value": "red"},
            "run_command": {
              "command": [
			  "tag @s add red_projectile",
			  "tag @s add precision_projectile",
			  "function soldier_slug_runtime"
			  ]
            }
          },
          {
            "filters": {"test": "has_tag", "subject": "other", "value": "blue"},
            "run_command": {
              "command": [
			  "tag @s add blue_projectile",
			  "tag @s add precision_projectile",
			  "function soldier_slug_runtime"
			  ]
            }
          }
        ]
      },
	  "kit:slug_runtime": {
		  "run_command": {
			  "command": [
			  "function soldier_slug_runtime"
			  ]
		  }
	  },
	  "kit:collide": {
		  "run_command": {
			  "command": [
			"kill @s"
			  ]
		  }
	  }
    }

  }
}
