{
  "format_version": "1.16.0",
	"minecraft:entity": {
    "description": {
      "identifier": "kit:solid_collider",
	  "runtime_identifier": "minecraft:boat",
      "is_spawnable": false,
      "is_summonable": true,
      "is_experimental": false
    },
	"component_groups": {
		"kit:for_payload": {
			"minecraft:collision_box": {
				"width": 1.7,
				"height": 1.4
			}
		}
		},
		
		"components": {
		"minecraft:is_stackable": {
		},
		"minecraft:custom_hit_test":{
		"hitboxes": [
      {
        "width": 0.1,
        "height": 0.1,
        "pivot": [ 0, 1000, 0 ]
      }
    ]
},
		"minecraft:push_through":{
			"value": 1.5
		},
		"minecraft:damage_sensor":{
		  "triggers":{
				"deals_damage": false
		  }
	  },
			"minecraft:scale": {
				"value": 1.0
			},
			      "minecraft:nameable": {
      },
			"minecraft:collision_box": {
				"width": 1.65,
				"height": 1.1
			},
			"minecraft:physics": {
			},
			"minecraft:pushable": {
				"is_pushable": false,
				"is_pushable_by_piston": true
			},
			"minecraft:conditional_bandwidth_optimization": {
				"default_values": {
					"max_optimized_distance": 80.0,
					"max_dropped_ticks": 7,
					"use_motion_prediction_hints": true
				  }
			}
		},
		"events": {
			 "kit:for_payload": {
                "add": {
                    "component_groups": [
                        "kit:for_payload"
                    ]
                }
            }
		}
	}
}
