{
  "format_version": "1.10.0",
  "particle_effect": {
    "description": {
      "identifier": "kit:dirt",
      "basic_render_parameters": {
        "material": "particles_alpha",
        "texture": "textures/particle/dirt"
      }
    },

    "components": {
      "minecraft:emitter_rate_instant": {
        "num_particles": "Math.random(1,4)"
      },

      "minecraft:emitter_lifetime_once": {},
      "minecraft:emitter_shape_point": {
		  "offset": [
		  "Math.random(-0.6,0.6)",
		  0,
		  "Math.random(-0.6,0.6)"
		  ],
		  "direction": [
		  "Math.random(-0.3,0.3)",
		  1,
		  "Math.random(-0.3,0.3)"
		  ]
      },
      "minecraft:particle_initial_speed": "Math.random(3,6)",

      "minecraft:particle_lifetime_expression": {
        "max_lifetime": "Math.random(0.75, 1.25)"
      },
	  "minecraft:particle_motion_dynamic": {
        "linear_acceleration": [ 0, -15, 0 ],
        "linear_drag_coefficient": 2.5
      },
	  "minecraft:particle_motion_collision": {
        "coefficient_of_restitution": 0.1,
        "collision_drag": 50,
        "collision_radius": 0.05
      },
      "minecraft:particle_appearance_billboard": {
        "size": [ 0.075, 0.075 ],
        "facing_camera_mode": "lookat_xyz",
        "uv": {
          "texture_width": 4,
          "texture_height": 4,
          "uv": [ 0,0 ],
          "uv_size": [ 4, 4 ]
          }
        }
      },
      "minecraft:particle_appearance_lighting": {}
    }
  }
}
