{
  "format_version": "1.10.0",
  "particle_effect": {
    "description": {
      "identifier": "kit:largemekanrg",
      "basic_render_parameters": {
        "material": "particles_alpha",
        "texture": "textures/particle/meka"
      }
    },
    "components": {
      "minecraft:emitter_rate_instant": {
        "num_particles": 60
      },
      "minecraft:emitter_lifetime_once": {
      },
	      "minecraft:emitter_shape_point": {
      },
      "minecraft:particle_initial_speed": 20,
      "minecraft:particle_lifetime_expression": {
        "max_lifetime": "Math.random(0.75, 1.5)"
      },
	  "minecraft:particle_motion_dynamic": {
        "linear_acceleration": [ 0, 0, 0 ],
        "linear_drag_coefficient": 5
      },
      "minecraft:particle_appearance_billboard": {
        "size": [
          "(0.15 - (0.1 * variable.particle_age))",
          "(0.15 - (0.1 * variable.particle_age))"
        ],
        "facing_camera_mode": "lookat_xyz",
        "uv": {
          "texture_width": 7,
          "texture_height": 7,
            "uv": [ 0, 0 ],
            "uv_size": [ 7, 7 ]
        }
      }
    }
  }
}
