{
  "format_version": "1.10.0",
  "particle_effect": {
    "description": {
      "identifier": "kit:paladin_rapture",
      "basic_render_parameters": {
        "material": "particles_alpha",
        "texture": "textures/particle/paladin_shine"
      }
    },
    "components": {
      "minecraft:emitter_rate_instant": {
        "num_particles": 300
      },        
      "minecraft:emitter_lifetime_once": {
      },
		        "minecraft:emitter_shape_point": {
        "offset": [ "(variable.particle_random_2 - 0.5) * 4" , "Math.random(-30,30)", "(variable.particle_random_3 - 0.5) * 4" ],
		"direction": [ "-(variable.particle_random_2 - 0.5)", 0, "-(variable.particle_random_3 - 0.5)" ]
      },
      "minecraft:particle_initial_speed": 1,
      "minecraft:particle_lifetime_expression": {
        "max_lifetime": "Math.random(0.25,1)"
      },
      "minecraft:particle_motion_dynamic": {
        "linear_acceleration": [ 0, 3, 0 ],
        "linear_drag_coefficient": 0
      },
      "minecraft:particle_appearance_billboard": {
        "size": [ "(variable.particle_random_1 * 0.15 + 0.2)/(variable.particle_age+0.5)", "(variable.particle_random_1 * 0.15 + 0.2)/(variable.particle_age+0.5)" ],
        "facing_camera_mode": "lookat_xyz",
        "uv": {
          "texture_width": 7,
          "texture_height": 7,
		  "uv": [0,0],
		  "uv_size": [15,15]
          }
      },
      "minecraft:particle_appearance_tinting": {
        "color": [ "0.8 + (variable.particle_random_1 / 5)", "0.5 + (variable.particle_random_4 / 4)", 0.0, 0.0 ]
      }
    }
  }
} 