{
  "format_version": "1.10.0",
  "particle_effect": {
    "description": {
      "identifier": "kit:poison_puff_large",
      "basic_render_parameters": {
        "material": "particles_alpha",
        "texture": "textures/particle/particles"
      }
    },
    "components": {
      "minecraft:emitter_rate_instant": {
        "num_particles": 40
      },        
      "minecraft:emitter_lifetime_expression": {
        "activation_expression": 1,
        "expiration_expression": 1
      },
      "minecraft:emitter_shape_point": {
		  "direction": [
		  "Math.random(-1,1)",
		  "Math.random(-1,1)",
		  "Math.random(-1,1)"
		  ]
      },
      "minecraft:particle_initial_speed": "Math.random(5, 20)",
      "minecraft:particle_lifetime_expression": {
        "max_lifetime": "1.5 / math.random(2.0, 4.0)"
      },
      "minecraft:particle_motion_dynamic": {
        "linear_acceleration": [ 0, 15.0, 0 ],
        "linear_drag_coefficient": 2.5
      },
      "minecraft:particle_motion_collision": {
        "coefficient_of_restitution": 0.0,
        "collision_drag": 0.0,
        "collision_radius": 0.01
      },
      "minecraft:particle_appearance_billboard": {
        "size": [ "variable.particle_random_3 * 0.075 + 0.15", "variable.particle_random_3 * 0.075 + 0.15" ],
        "facing_camera_mode": "lookat_xyz",
        "uv": {
          "texture_width": 128,
          "texture_height": 128,
          "flipbook": {
            "base_UV": [ 56, 0 ],
            "size_UV": [ 8, 8 ],
            "step_UV": [ -8, 0 ],
            "frames_per_second": 8,
            "max_frame": 8,
            "stretch_to_lifetime": true,
            "loop": false
          }
        }
      },
      "minecraft:particle_appearance_tinting": {
        "color": [ "variable.particle_random_2", 1.0, 0.0]
      }
    }
  }
}