{
  "format_version": "1.10.0",
  "particle_effect": {
    "description": {
      "identifier": "kit:shaman_imbue",
      "basic_render_parameters": {
        "material": "particles_alpha",
        "texture": "textures/particle/paladin_shine"
      }
    },
    "components": {
      "minecraft:emitter_rate_instant": {
        "num_particles": 4
      },        
      "minecraft:emitter_lifetime_once": {
      },
		        "minecraft:emitter_shape_point": {
        "direction": [ "Math.random(-1,1)" , "Math.random(-1,1)", "Math.random(-1,1)" ]
      },
      "minecraft:particle_initial_speed": "Math.random(10,30)",
      "minecraft:particle_lifetime_expression": {
        "max_lifetime": "Math.random(0.5,1)"
      },
      "minecraft:particle_motion_dynamic": {
        "linear_acceleration": [ 0, 10, 0 ],
        "linear_drag_coefficient": 20
      },
      "minecraft:particle_appearance_billboard": {
        "size": [ "(variable.particle_random_1 * 0.15 + 0.2)/(variable.particle_age+1)", "(variable.particle_random_1 * 0.15 + 0.2)/(variable.particle_age+1)" ],
        "facing_camera_mode": "lookat_xyz",
        "uv": {
          "texture_width": 7,
          "texture_height": 7,
		  "uv": [0,0],
		  "uv_size": [15,15]
          }
      },
      "minecraft:particle_appearance_tinting": {
        "color": [ "0.1 + (variable.particle_random_1 / 2)", "0.1 + ((1-variable.particle_random_1) / 2)", "0.1 + (variable.particle_random_1 / 2)", 0.0 ]
      }
    }
  }
} 