{
   "resource_pack_name" : "Kit Pack",
"texture_name": "atlas.items",
   "texture_data" : {
	   "temp": {
		   "textures": "textures/items/temporary"
	   },
	   "temp_weapon": {
		   "textures": "textures/items/temporary_weapon"
	   },
	   
		"rogueweapon": {
         "textures" : "textures/items/rogueweapon"
      },
	  	"gladweapon":{
			"textures": "textures/items/gladweapon"
	},
		"mekaweapon":{
			"textures": "textures/items/mekaweapon"
	},
		"engiweapon":{
			"textures": "textures/items/engiweapon"
	},
		"minerweapon":{
			"textures": "textures/items/minerweapon"
		},
		"paladinweapon":{
			"textures": "textures/items/paladinweapon"
		},
	  		"abilityrally": {
         "textures" : "textures/items/ability_rally"
      },
	  	  "abilitypunch": {
         "textures" : "textures/items/ability_punch"
      },
	  	  "abilityshock": {
         "textures" : "textures/items/ability_shock"
      },
	  	  "abilityoverclock": {
         "textures" : "textures/items/ability_overclock"
      },
		"abilitydrill": {
         "textures" : "textures/items/ability_drill"
      },
	  "abilitydig": {
         "textures" : "textures/items/ability_dig"
      },
	  "abilityknife": {
		  "textures": "textures/items/ability_knife"
	  },
	  "abilityshroud": {
         "textures" : "textures/items/ability_shroud"
      },
	  	  "abilityturret": {
         "textures" : "textures/items/ability_turret"
      },
	  "abilityjetpack": {
         "textures" : "textures/items/ability_jetpack"
      },
	  "abilityrapture": {
         "textures" : "textures/items/ability_rapture"
      },
	  "abilityspin": {
         "textures" : "textures/items/ability_spin"
      },
	  "abilitycharge": {
         "textures" : "textures/items/ability_charge"
      }

}
}
