{
	"entity_sounds": {
		"defaults" : {
         "events" : {
            "ambient" : "",
            "ambient.in.raid" : "",
            "ambient.in.water" : "",
            "celebrate" : "",
            "death" : "hi",
            "death.in.water" : "",
            "drink" : {
               "pitch" : [ 0.90, 1.10 ],
               "sound" : "random.drink",
               "volume" : 0.350
            },
            "drink.honey" : {
               "pitch" : [ 0.90, 1.0 ],
               "sound" : "random.drink_honey",
               "volume" : 0.50
            },
            "eat" : {
               "pitch" : [ 0.80, 1.20 ],
               "sound" : "random.eat",
               "volume" : [ 0.50, 1.10 ]
            },
            "fall.big" : {
               "pitch" : 1.0,
               "sound" : "damage.fallbig",
               "volume" : 0.750
            },
            "fall.small" : {
               "pitch" : 1.0,
               "sound" : "damage.fallsmall",
               "volume" : 0.750
            },
            "fizz" : {
               "pitch" : [ 1.20, 2.0 ],
               "sound" : "random.fizz",
               "volume" : 0.70
            },
            "flop" : "",
            "hurt" : "hi",
            "hurt.in.water" : "",
            "splash" : {
               "pitch" : [ 0.60, 1.40 ],
               "sound" : "random.splash"
            },
            "swim" : {
               "pitch" : [ 0.60, 1.40 ],
               "sound" : "random.swim"
            }
         },
         "pitch" : [ 0.80, 1.20 ],
         "volume" : 1.0
      },
		"entities": {
			"player" : {
            "events" : {
               "attack.nodamage" : "game.player.attack.nodamage",
               "attack.strong" : "game.player.attack.strong",
               "death" : "game.player.die",
               "death.in.water" : "game.player.die",
               "elderguardian.curse" : {
                  "pitch" : 1.0,
                  "sound" : "mob.elderguardian.curse",
                  "volume" : 1.0
               },
               "hurt" : "game.player.hurt",
               "hurt.in.water" : "game.player.hurt",
               "splash" : {
                  "pitch" : [ 0.60, 1.40 ],
                  "sound" : "entity.generic.splash"
               },
               "throw" : {
                  "pitch" : [ 0.9, 1.1 ],
                  "sound" : "random.bow",
                  "volume" : 0.50
               }
            },
            "pitch" : [ 0.80, 1.20 ],
            "volume" : 1.0
         },
			"kit:turret": {
				"events": {
					"death": "mob.irongolem.crack",
					"hurt": "block.lantern.break"
				},
				"pitch": [0.8, 1.2],
				"volume": 1
			}
		}
	},
	{
	"individual_event_sounds": {
		"events": {
			 "bow" : {
				"pitch" : [ 0.830, 1.250 ],
				"sound" : "random.bo",
				"volume" : 1.0
			 },
			 "bow.hit" : {
				"pitch" : [ 1.090, 1.30 ],
				"sound" : "random.bowhi",
				"volume" : 1.0
			 },
			"kit.drill": {
				"pitch": [0.9, 1.1],
				"sound": "kit.drill",
				"volume": 1
			}
}