{
	"format_version": "1.18",
	"minecraft:item": {
		"description": {
			"identifier": "kit:marksman_rifle"
		},
		"components": { 
			"minecraft:max_stack_size": 1,
			"minecraft:use_modifiers": {
				"use_duration": 50,
				"movement_modifiers": 0.75
			},
			"minecraft:hand_equipped": true,
			"minecraft:icon": {
				"texture": "temp_weapon"
			},
			"minecraft:display_name": {
				"value": "Marksman Rifle"
			},
			"minecraft:shooter": {
				"max_draw_duration": 0.95,
				"charge_on_draw": true,
				"ammunition": [
					{
						"item": "kit:marksman_ammo",
						"use_offhand": true,
						"search_inventory": true,
						"use_in_creative": true
					}
				]
			}
	}
    }
}
		