{
  "format_version": "1.17",
  "minecraft:item": {
    "description": {
      "identifier": "kit:cursed_ground"
    },

    "components": {
	"minecraft:display_name":{
			"value": "Cursed Ground"
},
		"minecraft:icon":{
			"texture": "temp"
		},
		"minecraft:hand_equipped": true,
		"minecraft:on_use":{
		  "on_use": {
			  "event": "kit:item_use",
			  "target": "self"
	  }
    }
	},

	"events": {
		"kit:item_use": {
			"shoot":{
				"projectile": "kit:cursedground",
				"launch_power": 1.0,
				"angle_offset": 0
			},
			"run_command": {
				"command": "function shaman_used_cursedground",
				"target": "self"
			},
			"decrement_stack": {
				"ignore_game_mode": true
			}
		}
	}
  }
}