{
  "format_version": "1.17.0",
  "minecraft:item": {
    "description": {
      "identifier": "kit:red_team"

    },
    "components": {
		"minecraft:icon":{
			"texture": "redstone_dust"
},
        "minecraft:max_stack_size": 1,
        "minecraft:armor": {
            "protection": 0
        },

        "minecraft:display_name": {
            "value": "Red Team"
        },
        "minecraft:durability": {
            "max_durability": 10000
        },
        "minecraft:knockback_resistance": {
            "protection": 0.2
        },
        "minecraft:wearable": {
            "slot": "slot.armor.legs"
        }  
    }
  }
}