{
  "format_version": "1.17",
  "minecraft:item": {
    "description": {
      "identifier": "kit:paladinweapon"
    },

    "components": {
	"minecraft:display_name":{
			"value": "Smitehammer"
},
    "minecraft:use_duration": 3600,
    "minecraft:throwable": {
        "min_draw_duration": 2,
        "max_draw_duration": 4,
        "scale_power_by_draw_duration": true
    },
    "minecraft:projectile": {
        "projectile_entity": "minecraft:snowball",
        "minimum_critical_power": 1.0
    },
		"minecraft:icon":{
			"texture": "paladinweapon"
		},
		"minecraft:hand_equipped": true,
	  "minecraft:damage": 20,
	  	"minecraft:wearable": {
		"dispensable" : true,
		"slot": "slot.weapon.offhand"
	}
    }
  }
}