{
    "format_version": "1.10.0",
    "animations": {
		"animation.player.superboost": {
			 "timeline": {
                "0.0": [
				"/function camera"
				]
            },
            "animation_length": 0.05,
            "loop": true
        },
			
        "animation.player.speed_weapon": {
            "timeline": {
                "0.0": [
				"/effect @s speed 1 2"
				]
            },
            "animation_length": 0.05,
            "loop": true
        },
		"animation.player.passive": {
            "timeline": {
                "0.0": [
				"/scoreboard players add @s[scores={jumpcooldown=-999..0}] jumpcooldown 1",
				"/execute @s[scores={jumpcooldown=1..999,crouchtime=4..999,jumping=1..2}] ^^^-2 summon kit:dynamiteboop ~~~ minecraft:start_roar_red",
				"/execute @s[scores={jumpcooldown=1..999,crouchtime=4..999,jumping=1..2}] ^^^ effect @s levitation 1 10 true",
				"/execute @s[scores={jumpcooldown=1..999,crouchtime=4..999,jumping=1..2}] ~~~ scoreboard players set @s jumpcooldown -80",
				"/effect @s[scores={jumpcooldown=-77..-76}] levitation 0 0 true",
				"/execute @s[scores={jumpcooldown=-77..-76}] ~~~ kill @e[type=kit:dynamiteboop]"
				]
            },
            "animation_length": 0.05,
            "loop": true
        },
		"animation.player.doublejump": {
            "timeline": {
                "0.0": [
				"/scoreboard players add @s jumping 1"

				]
            },
            "animation_length": 0.05,
            "loop": true
        },
				"animation.player.nojump": {
            "timeline": {
                "0.0": [
				"/scoreboard players set @s jumping 0"

				]
            },
            "animation_length": 0.05,
            "loop": true
        },
				"animation.player.inair": {
            "timeline": {
                "0.0": [
				"/scoreboard players add @s crouchtime 1"

				]
            },
            "animation_length": 0.05,
            "loop": true
        },
						"animation.player.grounded": {
            "timeline": {
                "0.0": [
				"/scoreboard players set @s crouchtime 0"

				]
            },
            "animation_length": 0.05,
            "loop": true
        }
    }
}
