{
    "format_version": "1.10.0",
    "animations": {
        "animation.collision.kill": {
            "timeline": {
                "0.0": [ "/say hi" ]
            },
            "animation_length": 0.05,
            "loop": true
        },
		"animation.player.airborne": {
			"timeline": {
				"0.0": [ 
				// ROUGE DOUBLE JUMP
						"/scoreboard players add @s[scores={kit=3}] airTime 1" ]
			},
			"animation_length": 0.05,
            "loop": true
		},
		"animation.player.jump_input": {
			"timeline": {
				"0.0": [ 
				// ROUGE DOUBLE JUMP
						"/execute as @s[scores={kit=3,airTime=3..,jumpTime=..1,cd4=10..},tag=doubleJumpReady] run function rogueDoubleJump",
						"/scoreboard players add @s[scores={kit=3}] jumpTime 1"				
						]
			},
			"animation_length": 0.05,
            "loop": true
		},
		"animation.player.grounded": {
			"timeline": {
				"0.0": [ 
				// ROGUE DOUBLE JUMO
						"/scoreboard players set @s[scores={kit=3}] airTime 0",
						 "/tag @s[scores={kit=3}] add doubleJumpReady",
						 //GOLIATH LAND
						 "/execute as @s[tag=landReady,scores={kit=5}] run function goliath_bound_land"
						 ]
			},
			"animation_length": 0.05,
            "loop": true
		},
		"animation.player.not_jumping": {
			"timeline": {
				"0.0": [ 
				// ROUGE DOUBLE JUMP
						"/scoreboard players set @s[scores={kit=3}] jumpTime 0"]
			},
			"animation_length": 0.05,
            "loop": true
		},
		"animation.player.charging": {
			"timeline": {
				"0.0": [ 
				// MARKSMAN CHARGE
						"/tag @s[scores={kit=3}] add marksmanCharging"
						]
			},
			"animation_length": 0.05,
            "loop": true
		},
		"animation.player.not_charging": {
			"timeline": {
				"0.0": [ 
				// MARKSMAN CHARGE
						"/tag @s[scores={kit=3}] remove marksmanCharging"
						]
			},
			"animation_length": 0.05,
            "loop": true
		},
		"animation.player.sprinting": {
			"timeline": {
				"0.0": [ 
				// GOLIATH STAMINA
						"/scoreboard players set @s[scores={kit=5}] timer 80"
						]
			},
			"animation_length": 0.05,
            "loop": true
		},
		"animation.player.eating": {
			"timeline": {
				"0.0": [ 
				// BOXER WINDUP
						"/tag @s[scores={kit=6}] add boxerWindup"
						]
			},
			"animation_length": 0.05,
            "loop": true
		},
		"animation.player.not_eating": {
			"timeline": {
				"0.0": [ 
				// BOXER WINDUP
						"/tag @s[scores={kit=6}] remove boxerWindup"
						]
			},
			"animation_length": 0.05,
            "loop": true
		}
    }
}