{
  "format_version": "1.18.20",
  "minecraft:client_entity": {
    "description": {
      "identifier": "kit:blast_charge",
      "min_engine_version": "1.8.0",
      "materials": {
        "default": "entity_alphatest"
      },
      "textures": {
        "default": "textures/models/blastcharge"
      },
      "geometry": {
        "default": "geometry.blastcharge"
      },
      "scripts": {
        "animate": [
			{"fly": "query.ground_speed > 0.1"}
		]
      },
      "animations": {
        "fly": "animation.blastcharge.fly"
	  },
      "render_controllers": [ "controller.render.default" ]
	}
  }
}
