{
  "format_version": "1.18.20",
  "minecraft:client_entity": {
    "description": {
      "identifier": "kit:payload",
      "min_engine_version": "1.8.0",
      "materials": {
        "default": "entity_alphatest"
      },
      "textures": {
        "default": "textures/entity/payload"
      },
      "geometry": {
        "default": "geometry.kit.payload"
      },
      "scripts": {
        "animate": [
			"payload_controller",
			{ "moving": "query.property('kit:payload_moving')" }
		]
      },
      "animations": {
        "root": "animation.kit.payload.runtime",
		"moving": "animation.kit.payload.move",
		"moving_up": "animation.kit.payload.up",
		"moving_down": "animation.kit.payload.down",
		"payload_controller": "controller.animation.payload"
	  },
	  "particle_effects": {
		  "fuse_flame": "kit:fuse_flame_particle"
	  },
      "render_controllers": [ "controller.render.default" ],
	"spawn_egg":{
    "base_color": "#FF0000",
    "overlay_color": "#FFFF00"
		}
	}
  }
}
