{
  "format_version": "1.10.0",
  "minecraft:client_entity": {
    "description": {
      "identifier": "kit:rogueknife",
      "min_engine_version": "1.8.0",
      "materials": {
        "default": "arrow"
      },
      "textures": {
        "default": "textures/entity/roguethrowknife"
      },
	        "animations": {
		"spin": "animation.rogueknife.spin",
		"move": "animation.rogueknife.move"
      },
      "geometry": {
        "default": "geometry.rogueknife"
      },
      "scripts": {
        "animate": [
		  "spin",
		  "move"
        ]
      },
      "render_controllers": [ "controller.render.arrow" ]
    }
  }
}
