{
  "format_version": "1.18.20",
  "minecraft:client_entity": {
    "description": {
      "identifier": "kit:slug",
      "min_engine_version": "1.8.0",
      "materials": {
        "default": "entity_alphatest"
      },
      "textures": {
        "default": "textures/items/null"
      },
      "geometry": {
        "default": "geometry.slug"
      },
      "scripts": {
        "animate": [
			"fly",
			"move"
		],
		"pre_animation": [
          "variable.shake_power = 0.0;"
        ]
      },
      "animations": {
        "fly": "animation.slug.fly",
		"move": "animation.arrow.move"
	  },
	  "particle_effects": {
		  "slug_smoke": "kit:shotgun"
	  },
      "render_controllers": [ "controller.render.default" ]
	}
  }
}
