{
  "format_version": "1.10.0",
  "particle_effect": {
    "description": {
      "identifier": "kit:bloodspike",
      "basic_render_parameters": {
        "material": "particles_alpha",
        "texture": "textures/particle/bloodspike"
      }
    },
    "events": {
      "smoke": {
        "particle_effect": {
          "effect": "kit:bloodtrail",
          "type": "emitter"
        }
      }
    },
    "components": {
      "minecraft:emitter_rate_instant": {
        "num_particles": 2
      },
      "minecraft:emitter_lifetime_once": {},
      "minecraft:emitter_shape_point": {
        "direction": [ "Math.random(-2, 2)" , 1, "Math.random(-2, 2)" ]
      },
      "minecraft:particle_initial_speed": "Math.random(15.0, 20.0)",
      "minecraft:particle_lifetime_expression": {
        "max_lifetime": "Math.random(0.75, 1)"
      },
      "minecraft:particle_motion_dynamic": {
		          "linear_acceleration": [ 0, 5, 0 ],
                "linear_drag_coefficient": 10
      },
      "minecraft:particle_lifetime_events": {
        "timeline": {
          "0.0": "smoke",
          "0.025": "smoke",
          "0.05": "smoke",
          "0.075": "smoke",
          "0.1": "smoke",
          "0.15": "smoke",
          "0.2": "smoke",
          "0.25": "smoke",
          "0.3": "smoke",
          "0.35": "smoke",
          "0.4": "smoke",
          "0.5": "smoke",
          "0.6": "smoke",
          "0.7": "smoke",
          "0.8": "smoke",
          "0.9": "smoke",
          "1.0": "smoke",
          "1.2": "smoke"
        }
      },
      "minecraft:particle_appearance_billboard": {
        "size": [ 0.2, 0.5 ],
        "facing_camera_mode": "lookat_xyz",
        "uv": {
          "texture_width": 15,
          "texture_height": 20,
          "uv": [ 0, 0 ],
          "uv_size": [ 15, 20 ]
        }
      },
      "minecraft:particle_appearance_lighting": {}
    }
  }
}
