{
  "format_version": "1.10.0",
  "particle_effect": {
    "description": {
      "identifier": "kit:bloodwave",
      "basic_render_parameters": {
        "material": "particles_alpha",
        "texture": "textures/particle/particles"
      }
    },

    "components": {
      "minecraft:emitter_rate_instant": {
        "num_particles": 50
      },

      "minecraft:emitter_lifetime_once": {},
      "minecraft:emitter_shape_point": {
		  "offset": [
		  "Math.random(-2,2)",
		  "Math.random(-0.6,0)",
		  "Math.random(-2,2)"
		  ],
		  "direction": [
		  "Math.random(-0.1,0.1)",
		  1,
		  "Math.random(-0.1,0.1)"
		  ]
      },
      "minecraft:particle_initial_speed": "Math.random(6, 12)",

      "minecraft:particle_lifetime_expression": {
        "max_lifetime": "Math.random(0.75, 1.25)"
      },
	  "minecraft:particle_motion_dynamic": {
        "linear_acceleration": [ 0, -15, 0 ],
        "linear_drag_coefficient": 2.5
      },
      "minecraft:particle_appearance_billboard": {
        "size": [ 0.125, 0.125 ],
        "facing_camera_mode": "lookat_xyz",
        "uv": {
          "texture_width": 128,
          "texture_height": 128,
          "flipbook": {
            "base_UV": [ 56, 0 ],
            "size_UV": [ 8, 8 ],
            "step_UV": [ -8, 0 ],
            "frames_per_second": 8,
            "max_frame": 8,
            "stretch_to_lifetime": true,
            "loop": false
          }
        }
      },
	        "minecraft:particle_appearance_tinting": {
        "color": [ 0.75, 0.0, 0.1, 0.2 ]
      },
      "minecraft:particle_appearance_lighting": {}
    }
  }
}
