{
  "format_version": "1.10.0",
  "particle_effect": {
    "description": {
      "identifier": "kit:dashed",
      "basic_render_parameters": {
        "material": "particles_alpha",
        "texture": "textures/particle/dashed"
      }
    },

    "components": {
      "minecraft:emitter_rate_instant": {
        "num_particles": 1
      },

      "minecraft:emitter_lifetime_once": {},
      "minecraft:emitter_shape_point": {},
      "minecraft:particle_initial_speed": 0,

      "minecraft:particle_lifetime_expression": {
        "max_lifetime": 0.025
      },
      "minecraft:particle_appearance_billboard": {
        "size": [ 0.3, 0.3 ],
        "facing_camera_mode": "lookat_xyz",
        "uv": {
          "texture_width": 15,
          "texture_height": 15,
		  "uv": [0,0],
		  "uv_size": [15,15]
          }
        }
      }
    }
  }
}
