{
  "format_version": "1.10.0",
  "particle_effect": {
    "description": {
      "identifier": "test:desert",
      "basic_render_parameters": {
        "material": "particles_alpha",
        "texture": "textures/particle/sand"
      }
    },

    "components": {
      "minecraft:emitter_rate_instant": {
        "num_particles": 80
      },

      "minecraft:emitter_lifetime_once": {},
      "minecraft:emitter_shape_point": {
		  "offset": [
		  "Math.random(-100,100)",
		  "Math.random(-5,20)",
		  "Math.random(-100,100)"
		  ],
		  "direction": [
		  "Math.random(5,8)",
		  -1,
		  "Math.random(-0.5,0.5)"
		  ]
      },
      "minecraft:particle_initial_speed": "Math.random(15,30)",

      "minecraft:particle_lifetime_expression": {
        "max_lifetime": 5
      },
	  "minecraft:particle_motion_dynamic": {
        "linear_acceleration": [ 0, 1, 0 ],
        "linear_drag_coefficient": 0
      },
      "minecraft:particle_appearance_billboard": {
        "size": [ "0.05 + (variable.particle_random_1 * 0.05)", "0.05 + (variable.particle_random_1 * 0.05)" ],
        "facing_camera_mode": "lookat_xyz",
        "uv": {
          "texture_width": 4,
          "texture_height": 4,
          "uv": [ 0,0 ],
          "uv_size": [ 4, 4 ]
          }
        }
      },
      "minecraft:particle_appearance_lighting": {}
    }
  }
}
