{
  "format_version": "1.10.0",
  "particle_effect": {
    "description": {
      "identifier": "kit:drill",
      "basic_render_parameters": {
        "material": "particles_alpha",
        "texture": "textures/particle/drill"
      }
    },

    "components": {
      "minecraft:emitter_rate_instant": {
        "num_particles": 5
      },

      "minecraft:emitter_lifetime_once": {},
      "minecraft:emitter_shape_point": {
		  "direction": [
		  "Math.random(-1,1)",
		  "Math.random(-1,1)",
		  "Math.random(-1,1)"
		  ]
      },
      "minecraft:particle_initial_speed": "Math.random(1, 6)",

      "minecraft:particle_lifetime_expression": {
        "max_lifetime": "Math.random(0.3,0.4)"
      },
	  "minecraft:particle_motion_dynamic": {
        "linear_acceleration": [ 0, 2, 0 ],
        "linear_drag_coefficient": 5
      },
      "minecraft:particle_appearance_billboard": {
        "size": [ 0.15, 0.15 ],
        "facing_camera_mode": "lookat_xyz",
        "uv": {
          "texture_width": 56,
          "texture_height": 14,
          "flipbook": {
            "base_UV": [ 0, 0 ],
            "size_UV": [ 14, 14 ],
            "step_UV": [ 14, 0 ],
            "frames_per_second": 24,
            "max_frame": 4,
            "stretch_to_lifetime": false,
            "loop": true
          }
        }
      },
      "minecraft:particle_appearance_lighting": {}
    }
  }
}
