{
  "format_version": "1.10.0",
  "particle_effect": {
    "description": {
      "identifier": "kit:goliath_strike",
      "basic_render_parameters": {
        "material": "particles_alpha",
        "texture": "textures/particle/goliath_particle"
      }
    },
    "components": {
      "minecraft:emitter_rate_instant": {
        "num_particles": 4
      },        
      "minecraft:emitter_lifetime_once": {
      },
		        "minecraft:emitter_shape_point": {
        "direction": [ "Math.random(-1,1)" , "Math.random(0,1)", "Math.random(-1,1)" ]
      },
      "minecraft:particle_initial_speed": "Math.random(1,3)",
      "minecraft:particle_lifetime_expression": {
        "max_lifetime": "Math.random(0.5,1)"
      },
      "minecraft:particle_motion_dynamic": {
        "linear_acceleration": [ 0, 0, 0 ],
        "linear_drag_coefficient": 0.5
      },
      "minecraft:particle_appearance_billboard": {
        "size": [ "(variable.particle_random_1 * 0.15 + 0.2)/(variable.particle_age+0.75)", "(variable.particle_random_1 * 0.15 + 0.2)/(variable.particle_age+0.75)" ],
        "facing_camera_mode": "lookat_xyz",
        "uv": {
          "texture_width": 56,
          "texture_height": 14,
          "flipbook": {
            "base_UV": [ 0, 0 ],
            "size_UV": [ 14, 14 ],
            "step_UV": [ 14, 0 ],
            "max_frame": 4,
            "stretch_to_lifetime": true
          }
        }
      }
    }
  }
} 