{
  "format_version": "1.10.0",
  "particle_effect": {
    "description": {
      "identifier": "test:leaves",
      "basic_render_parameters": {
        "material": "particles_alpha",
        "texture": "textures/particle/leaf"
      }
    },

    "components": {
      "minecraft:emitter_rate_instant": {
        "num_particles": 20
      },

      "minecraft:emitter_lifetime_once": {},
      "minecraft:emitter_shape_point": {
		  "offset": [
		  "Math.random(-100,100)",
		  10,
		  "Math.random(-100,100)"
		  ],
		  "direction": [
		  "Math.random(0.2,0.4)",
		  -1,
		  "Math.random(-0.5,0.5)"
		  ]
      },
      "minecraft:particle_initial_speed": "Math.random(2,5)",

      "minecraft:particle_lifetime_expression": {
        "max_lifetime": "Math.random(10,12)"
      },
	  "minecraft:particle_motion_dynamic": {
        "linear_acceleration": [ 0, 0, 0 ],
        "linear_drag_coefficient": 0
      },
      "minecraft:particle_appearance_billboard": {
        "size": [ "0.1 + (variable.particle_random_1 * 0.1)", "0.1 + (variable.particle_random_1 * 0.1)" ],
        "facing_camera_mode": "lookat_xyz",
        "uv": {
          "texture_width": 48,
          "texture_height": 6,
		 "flipbook": {
            "base_UV": [ 0, 0 ],
            "size_UV": [ 6, 6 ],
            "step_UV": [ 6, 0 ],
            "frames_per_second": 2,
            "max_frame": 8,
            "stretch_to_lifetime": false,
            "loop": true
          }
          }
        }
      },
      "minecraft:particle_appearance_lighting": {}
    }
  }
}
