{
  "format_version": "1.10.0",
  "particle_effect": {
    "description": {
      "identifier": "kit:paladin_smite_radius",
      "basic_render_parameters": {
        "material": "particles_alpha",
        "texture": "textures/particle/paladin_shine"
      }
    },
    "components": {
      "minecraft:emitter_rate_instant": {
        "num_particles": 20
      },        
      "minecraft:emitter_lifetime_once": {
      },
	"minecraft:emitter_shape_disc": {
		"plane_normal": "y",
		"radius": 6,
		"surface_only": true
	},
      "minecraft:particle_initial_speed": 0,
      "minecraft:particle_lifetime_expression": {
        "max_lifetime": "Math.random(0.8,1.2)"
      },
      "minecraft:particle_motion_dynamic": {
        "linear_acceleration": [ 0, 0.25, 0 ]
      },
      "minecraft:particle_appearance_billboard": {
        "size": [ "variable.particle_random_3 * 0.075 + 0.075", "variable.particle_random_3 * 0.075 + 0.075" ],
        "facing_camera_mode": "lookat_xyz",
        "uv": {
          "texture_width": 7,
          "texture_height": 7,
		  "uv": [0,0],
		  "uv_size": [15,15]
          }
      },
      "minecraft:particle_appearance_tinting": {
        "color": [ "0.8 + (variable.particle_random_1 / 5)", "0.5 + (variable.particle_random_2 / 4)", 0.0, 0.0 ]
      }
    }
  }
} 