{
  "format_version": "1.10.0",
  "particle_effect": {
    "description": {
      "identifier": "kit:capture_point_red",
      "basic_render_parameters": {
        "material": "particles_alpha",
        "texture": "textures/particle/particles"
      }
    },
    "components": {
      "minecraft:emitter_rate_instant": {
        "num_particles": 1
      },        
      "minecraft:emitter_lifetime_once": {
      },
	"minecraft:emitter_shape_disc": {
		"plane_normal": "y",
		"radius": 5,
		"surface_only": true
	},
      "minecraft:particle_initial_speed": 0,
      "minecraft:particle_lifetime_expression": {
        "max_lifetime": "Math.random(2,3)"
      },
      "minecraft:particle_motion_dynamic": {
        "linear_acceleration": [ 0, 0.5, 0 ]
      },
      "minecraft:particle_appearance_billboard": {
        "size": [ "variable.particle_random_3 * 0.075 + 0.075", "variable.particle_random_3 * 0.075 + 0.075" ],
        "facing_camera_mode": "lookat_xyz",
        "uv": {
          "texture_width": 128,
          "texture_height": 128,
          "flipbook": {
            "base_UV": [ 64, 72 ],
            "size_UV": [ 8, 8 ],
            "step_UV": [ -8, 0 ],
            "frames_per_second": 8,
            "max_frame": 8,
            "stretch_to_lifetime": true,
            "loop": false
          }
        }
      },
      "minecraft:particle_appearance_tinting": {
        "color": [ "(variable.particle_random_1 * 0.2 + 0.8) * (variable.particle_random_2 * 0.4 + 0.6)", 0.0, 0.0, 0.0 ]
      },
      "minecraft:particle_appearance_lighting": {}
    }
  }
} 