{
"format_version": "1.10.0",
"particle_effect": {
	"description": {
		"identifier": "kit:shotgun",
		"basic_render_parameters": {
			"material": "particles_alpha",
			"texture": "textures/particle/particles"
		}
	},
		"components": {
      "minecraft:emitter_rate_instant": {
        "num_particles": 30
      },
	  	  "minecraft:emitter_local_space": {
		  "position": false,
		  "rotation": false,
		  "velocity": true
	  },
	        "minecraft:emitter_lifetime_once": {
      },
			"minecraft:emitter_shape_point": {
				"offset": ["Math.random(-0.1, 0.1)", "Math.random(-0.1,0.1)", "Math.random(-0.1, 0.1)"],
				"direction": ["Math.random(-1,1)", "Math.random(-1,1)", "Math.random(-1,1)-6"]
		},
		"minecraft:particle_lifetime_expression": {
				"max_lifetime": "6.0 / Math.random(6.0, 36.0)"
		},
			"minecraft:particle_motion_collision": {
        "coefficient_of_restitution": 0.1,
        "collision_drag": 1000.0,
        "collision_radius": 0.0
      },
			"minecraft:particle_initial_speed": "Math.random(30, 40)",
			"minecraft:particle_motion_dynamic": {
        "linear_acceleration": [ 0, 0, 0 ],
        "linear_drag_coefficient": 1
      },
      "minecraft:particle_appearance_billboard": {
        "size": [ "variable.particle_random_1 * variable.particle_random_4 * 0.6 + 0.25", "variable.particle_random_1 * variable.particle_random_4 * 0.6 + 0.25" ],
        "facing_camera_mode": "lookat_xyz",
        "uv": {
          "texture_width": 128,
          "texture_height": 128,
          "flipbook": {
            "base_UV": [ 56, 0 ],
            "size_UV": [ 8, 8 ],
            "step_UV": [ -8, 0 ],
            "frames_per_second": 8,
            "max_frame": 8,
            "stretch_to_lifetime": true,
            "loop": false
          }
        }
      },
	  "minecraft:particle_appearance_tinting": {
        "color": [ "0.6 + (variable.particle_random_2 / 3)", "0.3 + ((variable.particle_random_3 * variable.particle_random_2) / 4)", 0.0, 0.0 ]
      }
	}
}
}
