{
  "format_version": "1.10.0",
  "particle_effect": {
    "description": {
      "identifier": "kit:slug_explosion",
      "basic_render_parameters": {
        "material": "particles_alpha",
        "texture": "textures/particle/particles"
      }
    },

    "components": {
	"minecraft:emitter_rate_steady": {
				"spawn_rate": "40+(variable.emitter_age*120)",
				"max_particles": 1000
			},
      "minecraft:emitter_lifetime_once": {
        "active_time": 1.5
      },
      "minecraft:emitter_shape_point": {
		  "direction": [
		  "Math.random(-1,1)",
		  "Math.random(-1,1)",
		  "Math.random(-1,1)"
		  ]
      },
      "minecraft:particle_initial_speed": "Math.random(0.8,1.2) * ((variable.emitter_age*40))",

      "minecraft:particle_lifetime_expression": {
        "max_lifetime": "Math.random(0.5, 0.75)"
      },
	  "minecraft:particle_motion_dynamic": {
        "linear_acceleration": [ 0, 0, 0 ],
        "linear_drag_coefficient": 6
      },
      "minecraft:particle_appearance_billboard": {
        "size": [ "variable.particle_random_1 * variable.particle_random_2 * 0.6 + 0.1", "variable.particle_random_1 * variable.particle_random_2 * 0.6 + 0.1" ],
        "facing_camera_mode": "lookat_xyz",
        "uv": {
          "texture_width": 128,
          "texture_height": 128,
          "flipbook": {
            "base_UV": [ 56, 0 ],
            "size_UV": [ 8, 8 ],
            "step_UV": [ -8, 0 ],
            "frames_per_second": 8,
            "max_frame": 8,
            "stretch_to_lifetime": true,
            "loop": false
          }
        }
      },
	  "minecraft:particle_appearance_tinting": {
        "color": [ "0.4 + (variable.particle_random_2 / 2)", "0.25 + ((variable.particle_random_3 * variable.particle_random_2) / 2)", 0.0, 0.0 ]
      }
    }
  }
}
