{
  "format_version": "1.8.0",
  "minecraft:client_entity": {
    "description": {
      "identifier": "kit:turret",
      "min_engine_version": "1.8.0",
      "materials": {
        "default": "skeleton"
      },
      "textures": {
        "default": "textures/entity/turret"
      },
      "geometry": {
        "default": "geometry.turret"
      },
      "scripts": {
        "pre_animation": [
          "variable.tcos0 = (Math.cos(query.modified_distance_moved * 38.17) * query.modified_move_speed / variable.gliding_speed_value) * 57.3;"
        ]
      },
      "animations": {
        "look_at_target_default": "animation.humanoid.look_at_target.default",
        "look_at_target_gliding": "animation.humanoid.look_at_target.gliding",
        "look_at_target_swimming": "animation.humanoid.look_at_target.swimming"
      },
      "animation_controllers": [
        { "look_at_target": "controller.animation.humanoid.look_at_target" }
      ],
      "render_controllers": [ "controller.render.skeleton" ]
    }
  }
}
