{
  "format_version": "1.10.0",
  "minecraft:attachable": {
    "description": {
      "identifier": "kit:healthbar",
      "item": { "kit:healthbar": "query.owner_identifier == 'minecraft:player'" },
      "materials": {
        "default": "armor",
        "enchanted": "armor_enchanted"
      },
      "textures": {
        "default": "textures/entity/healthbar",
        "enchanted": "textures/misc/enchanted_item_glint"
      },
      "geometry": {
        "default": "geometry.kit.healthbar"
      },
      "animations": {
        "healthbar": "animation.healthbar.billboard"
      },
      "scripts": {
        "pre_animation": [
          "variable.rot = query.body_x_rotation;"
        ],
        "animate": [
          "healthbar"
        ]
      },
      "render_controllers": [ "controller.render.armor" ]
    }
  }
}
