{
  "format_version": "1.10.0",
  "minecraft:attachable": {
    "description": {
      "identifier": "kit:paladin_weapon",
      "materials": {
        "default": "entity_alphatest",
        "enchanted": "entity_alphatest_glint"
      },
      "textures": {
        "default": "textures/models/paladin_sword"
      },
      "geometry": {
        "default": "geometry.paladin_sword"
      },
      "animations": {
        "hold_first_person": "animation.paladin_sword.hold_first_person",
		"hold_third_person": "animation.paladin_sword.hold_third_person",
		"swing": "animation.paladin_sword.swing"
      },
      "scripts": {
        "animate": [
		  {
            "hold_first_person": "c.is_first_person"
          },
          {
            "hold_third_person": "!c.is_first_person"
          }
        ]
      },
      "render_controllers": [ "controller.render.default" ]
    }
  }
}
