{
  "format_version": "1.10.0",
  "minecraft:attachable": {
    "description": {
      "identifier": "kit:shotgun",
      "materials": {
        "default": "entity_alphatest",
        "enchanted": "entity_alphatest_glint"
      },
      "textures": {
        "default": "textures/models/shotgun"
      },
      "geometry": {
        "default": "geometry.shotgun"
      },
      "animations": {
        "hold_first_person": "animation.shotgun.hold_first_person",
		"hold_third_person": "animation.shotgun.hold_third_person",
		"fire": "animation.shotgun.fire",
		"fire_controller": "controller.animation.shotgun"
      },
      "scripts": {
        "animate": [
		"fire_controller",
		  {
            "hold_first_person": "c.is_first_person"
          },
          {
            "hold_third_person": "!c.is_first_person"
          }
        ]
      },
	  "particle_effects": {
		  "shotgun_blast": "kit:shotgun"
	  },
      "render_controllers": [ "controller.render.default" ]
    }
  }
}
