{
	"format_version": "1.12.0",
	"minecraft:geometry": [
		{
			"description": {
				"identifier": "geometry.blastcharge",
				"texture_width": 128,
				"texture_height": 128,
				"visible_bounds_width": 3,
				"visible_bounds_height": 2.5,
				"visible_bounds_offset": [0, 0.75, 0]
			},
			"bones": [
				{
					"name": "body",
					"pivot": [0, 2.5, 0],
					"rotation": [0, 0, -45],
					"cubes": [
						{"origin": [0.6, -2, -8], "size": [6, 6, 16], "uv": [28, 30]},
						{"origin": [-4, -2, -9], "size": [6, 6, 18], "pivot": [3, 0, 0], "rotation": [0, 0, 45], "uv": [0, 0]},
						{"origin": [-4, 4, -3], "size": [6, 2, 6], "pivot": [3, 0, 0], "rotation": [0, 0, 45], "uv": [30, 0]},
						{"origin": [-4.4, 3, -8], "size": [6, 6, 16], "uv": [28, 30]}
					]
				}
			]
		}
	]
}