{
	"format_version": "1.12.0",
	"minecraft:geometry": [
		{
			"description": {
				"identifier": "geometry.dynamite",
				"texture_width": 64,
				"texture_height": 64,
				"visible_bounds_width": 2,
				"visible_bounds_height": 2.5,
				"visible_bounds_offset": [0, 0.75, 0]
			},
			"bones": [
				{
					"name": "body",
					"pivot": [0, 0, 0],
					"cubes": [
						{"origin": [-8, -3, -3], "size": [16, 3, 3], "uv": [0, 0]},
						{"origin": [-8, -3, 0], "size": [16, 3, 3], "uv": [0, 0]},
						{"origin": [-8, 0, -1.5], "size": [16, 3, 3], "uv": [0, 0]},
						{"origin": [-3, 0, -2.5], "size": [6, 3, 1], "pivot": [0, 4.5, -2], "rotation": [-25, 0, 0], "uv": [0, 18]},
						{"origin": [-3, 0, 1.5], "size": [6, 3, 1], "pivot": [0, 4.5, 2], "rotation": [-25, 180, 0], "uv": [0, 18]},
						{"origin": [1.5, 3, -0.5], "size": [0.5, 3, 0.5], "pivot": [1.75, 7.5, -0.25], "rotation": [0, 0, 15], "uv": [0, 23]},
						{"origin": [-1, 8, -0.5], "size": [0.5, 3, 0.5], "pivot": [1.75, 8.5, -0.25], "rotation": [0, 0, -67.5], "uv": [19, 25]},
						{"origin": [-1, 6, -0.5], "size": [0.5, 3, 0.5], "pivot": [1.75, 7.5, -0.25], "rotation": [0, 0, 15], "uv": [6, 23]}
					]
				}
			]
		}
	]
}