{
	"format_version": "1.16.0",
	"minecraft:geometry": [
		{
			"description": {
				"identifier": "geometry.kit.healthbar",
				"texture_width": 32,
				"texture_height": 32,
				"visible_bounds_width": 3,
				"visible_bounds_height": 3.5,
				"visible_bounds_offset": [0, 1.25, 0]
			},
			"bones": [
				{
					"name": "healthbar",
					"pivot": [0, 36, 0]
				},
				{
					"name": "back",
					"parent": "healthbar",
					"pivot": [0, 32, 0],
					"cubes": [
						{
							"origin": [-11, 34, 0],
							"size": [22, 4, 0],
							"uv": {
								"south": {"uv": [0, 0], "uv_size": [22, 6]}
							}
						}
					]
				},
				{
					"name": "health",
					"parent": "healthbar",
					"pivot": [0, 32, 0],
					"cubes": [
						{
							"origin": [-10, 35, -0.1],
							"size": [20, 2, 0],
							"uv": {
								"south": {"uv": [0, 6], "uv_size": [20, 4]}
							}
						},
						{
							"origin": [-10, 35, 0.1],
							"size": [20, 2, 0],
							"uv": {
								"south": {"uv": [0, 6], "uv_size": [20, 4]}
							}
						}
					]
				}
			]
		}
	]
}