{
	"format_version": "1.16.0",
	"minecraft:geometry": [
		{
			"description": {
				"identifier": "geometry.paladin_sword",
				"texture_width": 64,
				"texture_height": 64,
				"visible_bounds_width": 2,
				"visible_bounds_height": 3.5,
				"visible_bounds_offset": [0, 1.25, 0]
			},
			"bones": [
				{
					"name": "paladin_sword",
					"pivot": [0, 0, 0],
					"binding": "q.item_slot_to_bone_name(c.item_slot)",
					"cubes": [
						{"origin": [-1, -6, -1], "size": [2, 11, 2], "uv": [24, 7]},
						{"origin": [-6, 3, -2], "size": [12, 3, 4], "uv": [24, 0]},
						{"origin": [-1.12943, 3.93172, -1], "size": [4, 28, 2], "pivot": [0.87057, 17.93172, 0], "rotation": [-180, 0, 177.5], "uv": [0, 0]},
						{"origin": [-3, 4, -1], "size": [4, 28, 2], "pivot": [-2.5, 15, 0], "rotation": [0, 0, 2.5], "uv": [0, 0]},
						{"origin": [4, 3, -1], "size": [3, 3, 2], "pivot": [5.5, 4.5, 0], "rotation": [0, 0, 45], "uv": [24, 20]},
						{"origin": [-7, 3, -1], "size": [3, 3, 2], "pivot": [-5.5, 4.5, 0], "rotation": [0, 0, -45], "uv": [24, 20]}
					]
				}
			]
		}
	]
}