{
	"format_version": "1.12.0",
	"minecraft:geometry": [
		{
			"description": {
				"identifier": "geometry.kit.payload",
				"texture_width": 128,
				"texture_height": 128,
				"visible_bounds_width": 4,
				"visible_bounds_height": 2.5,
				"visible_bounds_offset": [0, 0.75, 0]
			},
			"bones": [
				{
					"name": "main",
					"pivot": [0, 8, 9],
					"cubes": [
						{
							"origin": [0, 16.1, 3],
							"size": [7, 0, 7],
							"uv": {
								"up": {"uv": [53, 8], "uv_size": [7, 7]}
							}
						},
						{"origin": [-6, 16, 6], "size": [5, 6, 5], "uv": [79, 8]},
						{"origin": [-5, 22, 7], "size": [3, 1, 3], "uv": [59, 15]},
						{"origin": [-5.75, 16, 6.25], "size": [4.5, 5.5, 4.5], "uv": [79, 20]},
						{"origin": [-7, 4, -14], "size": [14, 8, 22], "uv": [0, 0]},
						{"origin": [-8, 11, -13], "size": [2, 2, 21], "uv": [51, 9]},
						{"origin": [6, 11, -13], "size": [2, 2, 21], "uv": [51, 9]},
						{"origin": [-8, 11, -15], "size": [16, 2, 2], "uv": [50, 32]},
						{"origin": [-9, 3, 2], "size": [18, 13, 13], "uv": [0, 30]},
						{"origin": [-8, 4, 15], "size": [16, 1, 1], "uv": [51, 4]},
						{"origin": [-8, 6, 15], "size": [16, 1, 1], "uv": [51, 4]}
					],
					"locators": {
						"locator": [-5, 21, 2]
					}
				},
				{
					"name": "bomb",
					"parent": "main",
					"pivot": [0, 0, 0],
					"cubes": [
						{"origin": [-7, 13, -6], "size": [8, 8, 8], "pivot": [-3, 16, -5], "rotation": [-26.7524, 0.06878, -19.8733], "uv": [0, 57]},
						{"origin": [-3, 21, -4], "size": [0, 3, 3], "pivot": [-3, 16, -5], "rotation": [-26.7524, 0.06878, -19.8733], "uv": [0, 27]},
						{"origin": [1, 13, -9], "size": [6, 6, 6], "pivot": [-3, 16, -5], "rotation": [-13.03992, 28.467, 11.90433], "uv": [32, 59]},
						{"origin": [-6.9999, 11.19685, -18.05322], "size": [5, 4, 5], "pivot": [-0.9999, 16.19685, -14.05322], "rotation": [63.48208, 45.95818, 34.63253], "uv": [58, 52]}
					]
				},
				{
					"name": "smallwheel",
					"parent": "main",
					"pivot": [0.1, 5.5, -7.5],
					"cubes": [
						{"origin": [-8.9, 4.5, -9.5], "size": [18, 2, 2], "uv": [50, 0]}
					]
				},
				{
					"name": "small_wheel_left",
					"parent": "smallwheel",
					"pivot": [-8.92, 5.7, -7.5],
					"cubes": [
						{"origin": [-10.1, 10, -12], "size": [2, 2, 7], "uv": [0, 0]},
						{"origin": [-9.5, 0, -9], "size": [1, 11, 1], "uv": [18, 0]},
						{"origin": [-9.5, 0, -9.5], "size": [1, 12, 1], "pivot": [-8.6, 6, -8.5], "rotation": [60, 0, 0], "uv": [18, 0]},
						{"origin": [-9.5, 0, -9.5], "size": [1, 12, 1], "pivot": [-8.6, 6, -8.5], "rotation": [120, 0, 0], "uv": [18, 0]},
						{"origin": [-10.1, 3.5, -10.5], "size": [2, 4, 4], "uv": [68, 43]},
						{"origin": [-10, 13, -17], "size": [2, 2, 7], "pivot": [-9, 11, -8.5], "rotation": [60, 0, 0], "uv": [0, 0]},
						{"origin": [-10.1, 1.83013, -6.90192], "size": [2, 2, 7], "pivot": [-9.1, 2.83013, -3.40192], "rotation": [-120, 0, 0], "uv": [0, 0]},
						{"origin": [-10, 13, -7], "size": [2, 2, 7], "pivot": [-9, 11, -8.5], "rotation": [-60, 0, 0], "uv": [0, 0]},
						{"origin": [-10, -1, -12], "size": [2, 2, 7], "pivot": [-9, 0, -8.5], "rotation": [180, 0, 0], "uv": [0, 0]},
						{"origin": [-10.1, 1.83013, -17.09808], "size": [2, 2, 7], "pivot": [-9.1, 2.83013, -13.59808], "rotation": [120, 0, 0], "uv": [0, 0]}
					]
				},
				{
					"name": "small_wheel_right",
					"parent": "smallwheel",
					"pivot": [8.92, 5.7, -7.5],
					"cubes": [
						{"origin": [8.1, 10, -12], "size": [2, 2, 7], "uv": [0, 0]},
						{"origin": [8.5, 0, -9], "size": [1, 11, 1], "uv": [18, 0]},
						{"origin": [8.5, 0, -9.5], "size": [1, 12, 1], "pivot": [8.6, 6, -8.5], "rotation": [60, 0, 0], "uv": [18, 0]},
						{"origin": [8.5, 0, -9.5], "size": [1, 12, 1], "pivot": [8.6, 6, -8.5], "rotation": [120, 0, 0], "uv": [18, 0]},
						{"origin": [8.1, 3.5, -10.5], "size": [2, 4, 4], "uv": [68, 43]},
						{"origin": [8, 13, -17], "size": [2, 2, 7], "pivot": [9, 11, -8.5], "rotation": [60, 0, 0], "uv": [0, 0]},
						{"origin": [8.1, 1.83013, -6.90192], "size": [2, 2, 7], "pivot": [9.1, 2.83013, -3.40192], "rotation": [-120, 0, 0], "uv": [0, 0]},
						{"origin": [8, 13, -7], "size": [2, 2, 7], "pivot": [9, 11, -8.5], "rotation": [-60, 0, 0], "uv": [0, 0]},
						{"origin": [8, -1, -12], "size": [2, 2, 7], "pivot": [9, 0, -8.5], "rotation": [-180, 0, 0], "uv": [0, 0]},
						{"origin": [8.1, 1.83013, -17.09808], "size": [2, 2, 7], "pivot": [9.1, 2.83013, -13.59808], "rotation": [120, 0, 0], "uv": [0, 0]}
					]
				},
				{
					"name": "backwheel",
					"parent": "main",
					"pivot": [0.1, 7.5, 9.5],
					"cubes": [
						{"origin": [-10.9, 6.5, 7.5], "size": [22, 2, 2], "uv": [50, 0]}
					]
				},
				{
					"name": "big_wheel_right",
					"parent": "backwheel",
					"pivot": [10.92, 7.7, 9.5],
					"cubes": [
						{"origin": [10.1, 12, 5], "size": [2, 2, 7], "uv": [0, 0]},
						{"origin": [10.5, 2, 8], "size": [1, 11, 1], "uv": [18, 0]},
						{"origin": [10.5, 2, 7.5], "size": [1, 12, 1], "pivot": [10.6, 8, 8.5], "rotation": [60, 0, 0], "uv": [18, 0]},
						{"origin": [10.5, 2, 7.5], "size": [1, 12, 1], "pivot": [10.6, 8, 8.5], "rotation": [120, 0, 0], "uv": [18, 0]},
						{"origin": [10.1, 5.5, 6.5], "size": [2, 4, 4], "uv": [68, 43]},
						{"origin": [10, 15, 0], "size": [2, 2, 7], "pivot": [11, 13, 8.5], "rotation": [60, 0, 0], "uv": [0, 0]},
						{"origin": [10.1, 3.83013, 10.09808], "size": [2, 2, 7], "pivot": [11.1, 4.83013, 13.59808], "rotation": [-120, 0, 0], "uv": [0, 0]},
						{"origin": [10, 15, 10], "size": [2, 2, 7], "pivot": [11, 13, 8.5], "rotation": [-60, 0, 0], "uv": [0, 0]},
						{"origin": [10, 1, 5], "size": [2, 2, 7], "pivot": [11, 2, 8.5], "rotation": [180, 0, 0], "uv": [0, 0]},
						{"origin": [10.1, 3.83013, -0.09808], "size": [2, 2, 7], "pivot": [11.1, 4.83013, 3.40192], "rotation": [120, 0, 0], "uv": [0, 0]}
					]
				},
				{
					"name": "big_wheel_left",
					"parent": "backwheel",
					"pivot": [-10.92, 7.7, 9.5],
					"cubes": [
						{"origin": [-12.1, 12, 5], "size": [2, 2, 7], "uv": [0, 0]},
						{"origin": [-11.5, 3, 8], "size": [1, 10, 1], "uv": [18, 0]},
						{"origin": [-11.5, 3, 7.5], "size": [1, 10, 1], "pivot": [-10.6, 8, 8.5], "rotation": [60, 0, 0], "uv": [18, 0]},
						{"origin": [-11.5, 3, 7.5], "size": [1, 10, 1], "pivot": [-10.6, 8, 8.5], "rotation": [120, 0, 0], "uv": [18, 0]},
						{"origin": [-12.1, 5.5, 6.5], "size": [2, 4, 4], "uv": [68, 43]},
						{"origin": [-12, 15, 0], "size": [2, 2, 7], "pivot": [-11, 13, 8.5], "rotation": [60, 0, 0], "uv": [0, 0]},
						{"origin": [-12.1, 3.83013, 10.09808], "size": [2, 2, 7], "pivot": [-11.1, 4.83013, 13.59808], "rotation": [-120, 0, 0], "uv": [0, 0]},
						{"origin": [-12, 15, 10], "size": [2, 2, 7], "pivot": [-11, 13, 8.5], "rotation": [-60, 0, 0], "uv": [0, 0]},
						{"origin": [-12, 1, 5], "size": [2, 2, 7], "pivot": [-11, 2, 8.5], "rotation": [180, 0, 0], "uv": [0, 0]},
						{"origin": [-12.1, 3.83013, -0.09808], "size": [2, 2, 7], "pivot": [-11.1, 4.83013, 3.40192], "rotation": [120, 0, 0], "uv": [0, 0]}
					]
				}
			]
		}
	]
}