{
	"format_version": "1.16.0",
	"minecraft:geometry": [
		{
			"description": {
				"identifier": "geometry.shotgun",
				"texture_width": 128,
				"texture_height": 128,
				"visible_bounds_width": 6,
				"visible_bounds_height": 3.5,
				"visible_bounds_offset": [0, 1.25, 0]
			},
			"bones": [
				{
					"name": "gun",
					"pivot": [0, -2, 10],
					"binding": "q.item_slot_to_bone_name(c.item_slot)",
					"cubes": [
						{"origin": [1, 0, -8], "size": [4, 4, 16], "pivot": [3, 2, 0], "rotation": [0, 0, 45], "uv": [0, 24]},
						{"origin": [-5, -1, 5], "size": [10, 6, 9], "uv": [0, 48]},
						{"origin": [-3, 0, -7], "size": [6, 3, 21], "uv": [0, 0]},
						{"origin": [-3, -3, -7], "size": [6, 4, 9], "pivot": [0, -1.5, -2.5], "rotation": [-12.5, 0, 0], "uv": [48, 17]},
						{"origin": [-3, 0, 11], "size": [6, 4, 12], "uv": [33, 0]},
						{"origin": [-2, -5, 9], "size": [4, 6, 8], "pivot": [0, 1.5, 12], "rotation": [-50, 0, 0], "uv": [48, 30]},
						{"origin": [-5, 0, -8], "size": [4, 4, 16], "pivot": [-3, 2, 0], "rotation": [0, 0, -45], "uv": [0, 24]}
					],
					"locators": {
						"guntip": [0, 1, -8]
					}
				}
			]
		}
	]
}