{
	"format_version": "1.16.0",
	"minecraft:geometry": [
		{
			"description": {
				"identifier": "geometry.trident",
				"texture_width": 32,
				"texture_height": 32,
				"visible_bounds_width": 2,
				"visible_bounds_height": 3.5,
				"visible_bounds_offset": [0, 1.25, 0]
			},
			"bones": [
				{
					"name": "pole",
					"pivot": [0, 24, 0],
					"binding": "q.item_slot_to_bone_name(c.item_slot)",
					"cubes": [
						{"origin": [-0.5, -3, -0.5], "size": [1, 31, 1], "inflate": 0.01, "uv": [0, 0]},
						{"origin": [0, 23, -0.55], "size": [1, 5.25, 1.1], "inflate": 0.01, "pivot": [0, 25.5, 0], "rotation": [0, 0, -10], "uv": [4, 26]},
						{"origin": [-1, 23, -0.55], "size": [1, 5.25, 1.1], "inflate": 0.01, "pivot": [0, 25.5, 0], "rotation": [0, 0, 10], "uv": [4, 26]},
						{"origin": [2, 23, -0.2], "size": [1, 5.25, 0.5], "inflate": 0.01, "pivot": [0, 25.5, 0], "rotation": [0, 0, 90], "uv": [5, 27]},
						{"origin": [-1.5, 22, -0.75], "size": [3, 2, 1.5], "uv": [4, 0]}
					]
				}
			]
		}
	]
}