{
	"format_version": "1.8.0",
	"geometry.turret": {
		"texturewidth": 64,
		"textureheight": 64,
		"visible_bounds_width": 2,
		"visible_bounds_height": 2,
		"visible_bounds_offset": [0, 1, 0],
		"bones": [
			{
				"name": "whole",
				"pivot": [0, 0, 0]
			},
			{
				"name": "waist",
				"parent": "whole",
				"pivot": [0, 12, 0]
			},
			{
				"name": "body",
				"parent": "waist",
				"pivot": [0, 24, 0]
			},
			{
				"name": "head",
				"parent": "body",
				"pivot": [0, 14, 0],
				"cubes": [
					{"origin": [-4, 10, -4], "size": [8, 8, 8], "uv": [25, 0]},
					{"origin": [-3, 11, -7], "size": [6, 6, 13], "uv": [0, 21]}
				]
			},
			{
				"name": "barrel1",
				"parent": "head",
				"pivot": [0, 14, -4.5],
				"cubes": [
					{"origin": [-2, 12, -13], "size": [4, 4, 17], "uv": [0, 0]}
				]
			},
			{
				"name": "base",
				"parent": "whole",
				"pivot": [0, 0, 0],
				"cubes": [
					{"origin": [-3, 9, -3], "size": [6, 1, 6], "uv": [25, 21]},
					{"origin": [-1, 4, -1], "size": [2, 5, 2], "uv": [0, 0]}
				]
			},
			{
				"name": "leg4",
				"parent": "base",
				"pivot": [-0.5, 4, 0.5],
				"rotation": [35, 0, 35],
				"cubes": [
					{"origin": [-1, -1, 0], "size": [1, 5, 1], "uv": [4, 7]}
				]
			},
			{
				"name": "leg3",
				"parent": "base",
				"pivot": [0.5, 4, 0.5],
				"rotation": [35, 0, -35],
				"cubes": [
					{"origin": [0, -1, 0], "size": [1, 5, 1], "uv": [0, 7]}
				]
			},
			{
				"name": "leg2",
				"parent": "base",
				"pivot": [0.5, 4, -0.5],
				"rotation": [-35, 0, -35],
				"cubes": [
					{"origin": [0, -1, -1], "size": [1, 5, 1], "uv": [8, 0]}
				]
			},
			{
				"name": "leg1",
				"parent": "base",
				"pivot": [-0.5, 4, -0.5],
				"rotation": [-35, 0, 35],
				"cubes": [
					{"origin": [-1, -1, -1], "size": [1, 5, 1], "uv": [8, 6]}
				]
			}
		]
	}
}