{
  "format_version": "1.17",
  "minecraft:item": {
    "description": {
      "identifier": "kit:shaman_weapon"
    },

    "components": {
	"minecraft:display_name":{
			"value": "Weapon/Imbue"
},
		"minecraft:icon":{
			"texture": "temp_weapon"
		},
		"minecraft:hand_equipped": true,
	  "minecraft:damage": 3,
		"minecraft:on_use":{
		  "on_use": {
			  "event": "kit:item_use",
			  "target": "self"
	  }
    },
		"minecraft:cooldown": {
			"duration": 4,
			"category": "imbue"
	}
	},

	"events": {
		"kit:item_use": {
			"shoot":{
				"projectile": "kit:imbue",
				"launch_power": 1.0,
				"angle_offset": 0
			}
		}
	}
  }
}