{
	"format_version": "1.18",
	"minecraft:item": {
		"description": {
			"identifier": "kit:windup_punch"
		},
		"components": { 
			"minecraft:max_stack_size": 1,
			"minecraft:use_duration": 4,
			"minecraft:hand_equipped": true,
			"minecraft:chargeable": {
				"movement_modifier": 0.95
			},
			"minecraft:icon": {
				"texture": "temp"
			},
			"minecraft:display_name": {
				"value": "Wind-Up Punch"
			},
			"minecraft:food":{
		  "on_consume": {
			  "event": "item:finish",
			  "target": "self"
			},
			"can_always_eat": true
			}
		},
			"events": {
		"item:finish": {
			"run_command":{
				"command": [ "scoreboard players set @s timer 60" ],
				"target": "self"
			},
			"decrement_stack": {
				"ignore_game_mode": true
			}
		}
	}
	}
   }