{
  "format_version": "1.17",
  "minecraft:item": {
    "description": {
      "identifier": "kit:poison_puff"
    },

    "components": {
	"minecraft:display_name":{
			"value": "Poison Puff"
},
		"minecraft:icon":{
			"texture": "temp"
		},
	  "minecraft:on_use":{
		  "on_use": {
			  "event": "kit:item_use",
			  "target": "self"
	  }
    }
		},
	"events": {
		"kit:item_use": {
			"shoot":{
				"projectile": "kit:poison_puff",
				"launch_power": 1.0,
				"angle_offset": 0
			},
			"decrement_stack": {
				"ignore_game_mode": true
			},
			"run_command": {
				"command": "function rogue_use_poisonpuff",
				"target": "self"
			}
		}
	}
}
}