{
  "format_version": "1.17",
  "minecraft:item": {
    "description": {
      "identifier": "kit:shotgun"
    },

    "components": {
	"minecraft:display_name":{
			"value": "Double Shotty"
},
		"minecraft:icon":{
			"texture": "temp_weapon"
		},
	  "minecraft:on_use":{
		  "on_use": {
			  "event": "kit:item_use",
			  "target": "self"
	  }
    },
	"minecraft:hand_equipped": true,
	"minecraft:cooldown": {
			"duration": 0.5,
			"category": "shotgun"
	}
	},
	"events": {
		"kit:item_use": {
			"shoot":{
				"projectile": "kit:slug",
				"launch_power": 1.0,
				"angle_offset": 0
			},
			"decrement_stack": {
				"ignore_game_mode": true
			},
			"run_command": {
				"command": "function soldier_fire",
				"target": "self"
			}
		}
	}
}
}