{
  "format_version": "1.17",
  "minecraft:item": {
    "description": {
      "identifier": "kit:goliath_weapon"
    },

    "components": {
	"minecraft:display_name":{
			"value": "Weapon/Decimate"
},
		"minecraft:icon":{
			"texture": "temp_weapon"
		},
		"minecraft:hand_equipped": true,
	  "minecraft:damage": 3,
		"minecraft:on_use":{
		  "on_use": {
			  "event": "kit:item_use",
			  "target": "self"
	  }
    },
		"minecraft:cooldown": {
			"duration": 10,
			"category": "decimate"
	}
	},

	"events": {
		"kit:item_use": {
			"run_command": {
				"command": "function goliath_use_decimate",
				"target": "self"
			}
		}
	}
  }
}