{
  "format_version": "1.17",
  "minecraft:item": {
    "description": {
      "identifier": "kit:paladin_weapon"
    },

    "components": {
	"minecraft:display_name":{
			"value": "Weapon/Smite"
},
		"minecraft:icon":{
			"texture": "temp_weapon"
		},
		"minecraft:hand_equipped": true,
	  "minecraft:damage": 3,
		"minecraft:on_use":{
		  "on_use": {
			  "event": "kit:item_use",
			  "target": "self"
	  }
    },
		"minecraft:cooldown": {
			"duration": 9,
			"category": "smite"
	},
		"minecraft:weapon": {
			"on_hurt_entity": {
			  "event": "kit:shield_hit",
			  "target": "self"
			}
		}
	},

	"events": {
		"kit:item_use": {
			"shoot":{
				"projectile": "kit:smite",
				"launch_power": 1.0,
				"angle_offset": 0
			},
			"run_command": {
				"command": "function paladin_use_smite",
				"target": "self"
			}
		},
		"kit:shield_hit": {
			"run_command": {
				"command": "function paladin_hit",
				"target": "self"
			}
		}
	}
  }
}