{
	"format_version": "1.18",
	"minecraft:item": {
		"description": {
			"identifier": "kit:trample"
		},
		"components": { 
			"minecraft:max_stack_size": 1,
			"minecraft:hand_equipped": true,
			"minecraft:icon": {
				"texture": "temp"
			},
			"minecraft:display_name": {
				"value": "Trample"
			},
		"minecraft:on_use":{
		  "on_use": {
			  "event": "kit:item_use",
			  "target": "self"
	  }
    }
	},

	"events": {
		"kit:item_use": {
			"run_command": {
				"command": "function goliath_use_trample",
				"target": "self"
			},
			"decrement_stack": {
				"ignore_game_mode": true
			}
		}
	}
	}
}

		