{
  "format_version": "1.17",
  "minecraft:item": {
    "description": {
      "identifier": "kit:cloak"
    },

    "components": {
	"minecraft:display_name":{
			"value": "Cloak"
},
		"minecraft:icon":{
			"texture": "temp"
		},
	  "minecraft:on_use":{
		  "on_use": {
			  "event": "kit:item_use",
			  "target": "self"
	  }
    }
		},
	"events": {
		"kit:item_use": {
			"run_command":{
				"command": "function rogue_use_cloak",
				"target": "self"
			},
			"decrement_stack": {
				"ignore_game_mode": true
			}
		}
	}
}
}