{
  "format_version": "1.17",
  "minecraft:item": {
    "description": {
      "identifier": "kit:boxer_weapon"
    },

    "components": {
	"minecraft:display_name":{
			"value": "Weapon/Uppercut"
},
		"minecraft:icon":{
			"texture": "temp_weapon"
		},
		"minecraft:hand_equipped": true,
	  "minecraft:damage": 4,
		"minecraft:on_use":{
		  "on_use": {
			  "event": "kit:item_use",
			  "target": "self"
	  }
    },
		"minecraft:cooldown": {
			"duration": 9,
			"category": "uppercut"
	},
		"minecraft:weapon": {
			"on_hurt_entity": {
			  "event": "kit:combo",
			  "target": "self"
			}
		}
	},

	"events": {
		"kit:item_use": {
			"run_command": {
				"command": "function boxer_use_uppercut",
				"target": "self"
			}
		},
		"kit:combo": {
			"run_command": {
				"command": "function boxer_combo",
				"target": "self"
			}
		}
	}
  }
}