{
  "format_version": "1.17",
  "minecraft:item": {
    "description": {
      "identifier": "kit:paladin_holyground"
    },

    "components": {
	"minecraft:display_name":{
			"value": "Reclamation"
},
		"minecraft:icon":{
			"texture": "temp"
		},
		"minecraft:hand_equipped": true,
		"minecraft:on_use":{
		  "on_use": {
			  "event": "kit:item_use",
			  "target": "self"
	  }
    }
	},

	"events": {
		"kit:item_use": {
			"run_command": {
				"command": "function paladin_use_holyground",
				"target": "self"
			},
			"decrement_stack": {
				"ignore_game_mode": true
			}
		}
	}
  }
}