{
	"format_version": "1.18",
	"minecraft:item": {
		"description": {
			"identifier": "kit:huntress_bow"
		},
		"components": { 
			"minecraft:max_stack_size": 1,
			"minecraft:use_duration": 999,
			"minecraft:chargeable": {
				"movement_modifier": 0.8
			},
			"minecraft:use_animation": "food",
			"minecraft:hand_equipped": true,
			"minecraft:icon": {
				"texture": "temp_weapon"
			},
			"minecraft:tags": {
				"tags": [
					"huntress_bow"
				]
			},
			"minecraft:display_name": {
				"value": "Huntress Bow"
			},
			"minecraft:projectile":{
				"projectile_entity": "kit:huntress_arrow",
				"minimum_critical_power": 1
			},
			"minecraft:throwable": {
				"max_draw_duration": 1.2,
				"min_draw_duration": 0.6,
				"scale_power_by_draw_duration": true
			}
	}
    }
}
		