{
  "format_version": "1.17",
  "minecraft:item": {
    "description": {
      "identifier": "kit:rogue_weapon"
    },

    "components": {
	"minecraft:display_name":{
			"value": "Weapon/Assassinate"
},
		"minecraft:icon":{
			"texture": "temp_weapon"
		},
		"minecraft:hand_equipped": true,
	  "minecraft:damage": 5,
		"minecraft:on_use":{
		  "on_use": {
			  "event": "kit:item_use",
			  "target": "self"
	  }
    },
		"minecraft:cooldown": {
			"duration": 8,
			"category": "assassinate"
	},
		"minecraft:weapon": {
			"on_hurt_entity": {
			  "event": "kit:strength_hit",
			  "target": "self"
			}
		}
	},

	"events": {
		"kit:item_use": {
			"run_command": {
				"command": "function rogue_use_assassinate",
				"target": "self"
			}
		},
		"kit:strength_hit": {
			"run_command": {
				"command": "function rogue_hit",
				"target": "self"
			}
		}
	}
  }
}