{
  "format_version": "1.17.0",
  "minecraft:item": {
    "description": {
      "identifier": "kit:boxer_armor" // Make sure you change the identifier.

    },
    "components": {
		"minecraft:icon":{
			"texture": "temp" // This can be changed whenever you'd like.
},
        "minecraft:max_stack_size": 1,
        "minecraft:armor": {
            "protection": 5 // Put armor value here. Every value of 1 is 1/2 armor bar.
        },

        "minecraft:display_name": {
            "value": "Boxer Armor" // Change the name to whatever you'd like.
        },
        "minecraft:durability": {
            "max_durability": 1000000
        },
        "minecraft:wearable": {
            "slot": "slot.armor.chest"
        }  
    }
  }
}